source,title,company,location,city,state,lat,lon,date_posted,job_type,seniority,skills,skills_list,salary_min,salary_max,currency,url,description,sentiment
ACRA,Architectural Historian,Heritage Research Group,"Albuquerque, NM",Albuquerque,NM,35.0844,-106.6504,2025-10-16,architectural-historian,entry,Adobe InDesign (Reports);Curation Agreements;Program Evaluation (KPIs/Outcomes);State Environmental Policy Act,"[""Adobe InDesign (Reports)"", ""Curation Agreements"", ""Program Evaluation (KPIs/Outcomes)"", ""State Environmental Policy Act""]",,,,https://example.com/demo/job/1,"Architectural Historian at Heritage Research Group. Key skills include Adobe InDesign (Reports), Curation Agreements, Program Evaluation (KPIs/Outcomes), State Environmental Policy Act. This is synthetic demo data.",-0.037
AAA,Zooarchaeology Analyst,Cultural Resource Consultants,"Boston, MA",Boston,MA,42.3601,-71.0589,2025-11-01,lab/analyst,entry,Adaptive Reuse Planning;Electrical Resistivity;LiDAR;NEPA;Quality Assurance / Quality Control,"[""Adaptive Reuse Planning"", ""Electrical Resistivity"", ""LiDAR"", ""NEPA"", ""Quality Assurance / Quality Control""]",48924.0,55711.0,USD,https://example.com/demo/job/2,"Zooarchaeology Analyst at Cultural Resource Consultants. Key skills include Adaptive Reuse Planning, Electrical Resistivity, LiDAR, NEPA, Quality Assurance / Quality Control. This is synthetic demo data.",-0.128
ACRA,Historic Preservation Specialist,Western CRM Partners,"Chicago, IL",Chicago,IL,41.8781,-87.6298,2025-11-20,architectural-historian,entry,ArcGIS;Collections Environmental Monitoring;Conservation Management Plan;Cultural Sensitivity Training;Mukurtu (Community Protocol CMS);NEPA;Paleoethnobotany/Archaeobotany;Section 106;Wilderness First Aid,"[""ArcGIS"", ""Collections Environmental Monitoring"", ""Conservation Management Plan"", ""Cultural Sensitivity Training"", ""Mukurtu (Community Protocol CMS)"", ""NEPA"", ""Paleoethnobotany/Archaeobotany"", ""Section 106"", ""Wilderness First Aid""]",52299.0,61365.0,USD,https://example.com/demo/job/3,"Historic Preservation Specialist at Western CRM Partners. Key skills include ArcGIS, Collections Environmental Monitoring, Conservation Management Plan, Cultural Sensitivity Training, Mukurtu (Community Protocol CMS). This is synthetic demo data.",0.293
ACRA,Architectural Historian,ArchaeoLab Services,"Tucson, AZ",Tucson,AZ,32.2226,-110.9747,2025-11-08,architectural-historian,mid,Co-Management Agreements;Electrical Resistivity;Heritage Policy Analysis;Omeka S (Digital Exhibits),"[""Co-Management Agreements"", ""Electrical Resistivity"", ""Heritage Policy Analysis"", ""Omeka S (Digital Exhibits)""]",,,,https://example.com/demo/job/4,"Architectural Historian at ArchaeoLab Services. Key skills include Co-Management Agreements, Electrical Resistivity, Heritage Policy Analysis, Omeka S (Digital Exhibits). This is synthetic demo data.",0.226
AAA,Zooarchaeology Analyst,Preservation Strategy Studio,"Las Vegas, NV",Las Vegas,NV,36.1699,-115.1398,2026-01-16,lab/analyst,mid,Budgeting & Scheduling;Climate Adaptation for Heritage;Cost Distance / Least-Cost Path;Disaster Risk Reduction & Response;Emergency Stabilization (Historic Fabric);NRHP Evaluation Criteria;Section 106,"[""Budgeting & Scheduling"", ""Climate Adaptation for Heritage"", ""Cost Distance / Least-Cost Path"", ""Disaster Risk Reduction & Response"", ""Emergency Stabilization (Historic Fabric)"", ""NRHP Evaluation Criteria"", ""Section 106""]",56832.0,67584.0,USD,https://example.com/demo/job/5,"Zooarchaeology Analyst at Preservation Strategy Studio. Key skills include Budgeting & Scheduling, Climate Adaptation for Heritage, Cost Distance / Least-Cost Path, Disaster Risk Reduction & Response, Emergency Stabilization (Historic Fabric). This is synthetic demo data.",0.081
AAA,Architectural Historian,GeoCultural Analytics,"Denver, CO",Denver,CO,39.7392,-104.9903,2025-11-25,architectural-historian,mid,ArcGIS;Conservation Management Plan;Curation Agreements;Deaccessioning Procedures;Drone (UAV) Mapping;Intangible Cultural Heritage Safeguarding;Preventive Conservation;Programmatic Agreements (PAs),"[""ArcGIS"", ""Conservation Management Plan"", ""Curation Agreements"", ""Deaccessioning Procedures"", ""Drone (UAV) Mapping"", ""Intangible Cultural Heritage Safeguarding"", ""Preventive Conservation"", ""Programmatic Agreements (PAs)""]",74155.0,88174.0,USD,https://example.com/demo/job/6,"Architectural Historian at GeoCultural Analytics. Key skills include ArcGIS, Conservation Management Plan, Curation Agreements, Deaccessioning Procedures, Drone (UAV) Mapping. This is synthetic demo data.",-0.046
ACRA,Field Technician,Regional Heritage Associates,"Salt Lake City, UT",Salt Lake City,UT,40.7608,-111.891,2025-12-14,field-tech,lead/PI,Native American Graves Protection and Repatriation Act;Preventive Conservation & Rehousing;Resource Condition Assessment;THPO Consultation,"[""Native American Graves Protection and Repatriation Act"", ""Preventive Conservation & Rehousing"", ""Resource Condition Assessment"", ""THPO Consultation""]",120674.0,153012.0,USD,https://example.com/demo/job/7,"Field Technician at Regional Heritage Associates. Key skills include Native American Graves Protection and Repatriation Act, Preventive Conservation & Rehousing, Resource Condition Assessment, THPO Consultation. This is synthetic demo data.",0.276
AAA,Senior Architectural Historian,Frontier Cultural Resources,"Albuquerque, NM",Albuquerque,NM,35.0844,-106.6504,2025-12-24,architectural-historian,senior,ArcGIS;Co-Management Agreements;NAGPRA;OSHA HAZWOPER 40-hour,"[""ArcGIS"", ""Co-Management Agreements"", ""NAGPRA"", ""OSHA HAZWOPER 40-hour""]",,,,https://example.com/demo/job/8,"Senior Architectural Historian at Frontier Cultural Resources. Key skills include ArcGIS, Co-Management Agreements, NAGPRA, OSHA HAZWOPER 40-hour. This is synthetic demo data.",0.389
AAA,Artifact Analyst,Sagebrush Archaeology,"Atlanta, GA",Atlanta,GA,33.749,-84.388,2026-01-19,lab/analyst,mid,Community Co-Design for Interpretation;DEIA Practices in Heritage Work;FPIC (Free;NAGPRA,"[""Community Co-Design for Interpretation"", ""DEIA Practices in Heritage Work"", ""FPIC (Free"", ""NAGPRA""]",58665.0,71612.0,USD,https://example.com/demo/job/9,"Artifact Analyst at Sagebrush Archaeology. Key skills include Community Co-Design for Interpretation, DEIA Practices in Heritage Work, FPIC (Free, NAGPRA. This is synthetic demo data.",-0.032
AAA,Field Supervisor,Bay Area Preservation,"Los Angeles, CA",Los Angeles,CA,34.0522,-118.2437,2026-01-24,field-tech,entry,Burra Charter Principles;Python;Revit (BIM for Heritage);Section 106,"[""Burra Charter Principles"", ""Python"", ""Revit (BIM for Heritage)"", ""Section 106""]",51007.0,56359.0,USD,https://example.com/demo/job/10,"Field Supervisor at Bay Area Preservation. Key skills include Burra Charter Principles, Python, Revit (BIM for Heritage), Section 106. This is synthetic demo data.",0.475
ACRA,Historic Preservation Specialist,Capitol Heritage Advisors,"Raleigh, NC",Raleigh,NC,35.7796,-78.6382,2025-10-05,architectural-historian,mid,Accessioning & Cataloging;Archaeological Data Recovery Plan;Historic Materials Conservation;MIDAS Heritage Standard;NEPA;Preventive Conservation;Section 106;Section 106 Regulations (36 CFR 800);Total Station Survey;UNESCO World Heritage Nomination Process,"[""Accessioning & Cataloging"", ""Archaeological Data Recovery Plan"", ""Historic Materials Conservation"", ""MIDAS Heritage Standard"", ""NEPA"", ""Preventive Conservation"", ""Section 106"", ""Section 106 Regulations (36 CFR 800)"", ""Total Station Survey"", ""UNESCO World Heritage Nomination Process""]",73150.0,83920.0,USD,https://example.com/demo/job/11,"Historic Preservation Specialist at Capitol Heritage Advisors. Key skills include Accessioning & Cataloging, Archaeological Data Recovery Plan, Historic Materials Conservation, MIDAS Heritage Standard, NEPA. This is synthetic demo data.",0.295
AAA,Field Technician,Great Lakes CRM,"Tucson, AZ",Tucson,AZ,32.2226,-110.9747,2026-01-13,field-tech,mid,Electrical Resistivity;Metal Conservation;NRHP Integrity Assessment;SOI Professional Qualifications;Site Management Plan,"[""Electrical Resistivity"", ""Metal Conservation"", ""NRHP Integrity Assessment"", ""SOI Professional Qualifications"", ""Site Management Plan""]",73711.0,90151.0,USD,https://example.com/demo/job/12,"Field Technician at Great Lakes CRM. Key skills include Electrical Resistivity, Metal Conservation, NRHP Integrity Assessment, SOI Professional Qualifications, Site Management Plan. This is synthetic demo data.",0.365
ACRA,Field Supervisor,High Plains Cultural Resources,"San Diego, CA",San Diego,CA,32.7157,-117.1611,2025-11-17,field-tech,entry,Cultural Landscape Management;Phase I Archaeological Survey;Residue/Use-Wear Analysis;Resource Condition Assessment;Wilderness First Aid,"[""Cultural Landscape Management"", ""Phase I Archaeological Survey"", ""Residue/Use-Wear Analysis"", ""Resource Condition Assessment"", ""Wilderness First Aid""]",43612.0,48108.0,USD,https://example.com/demo/job/13,"Field Supervisor at High Plains Cultural Resources. Key skills include Cultural Landscape Management, Phase I Archaeological Survey, Residue/Use-Wear Analysis, Resource Condition Assessment, Wilderness First Aid. This is synthetic demo data.",-0.026
ACRA,Senior Zooarchaeology Analyst,Sunbelt Heritage Solutions,"San Diego, CA",San Diego,CA,32.7157,-117.1611,2026-01-21,lab/analyst,lead/PI,Heritage Policy Analysis;NPS Preservation Briefs & Bulletins;Preventive Conservation;Radiocarbon Sampling/Interpretation;Transportation Resource Evaluation;Underwater/Maritime Survey,"[""Heritage Policy Analysis"", ""NPS Preservation Briefs & Bulletins"", ""Preventive Conservation"", ""Radiocarbon Sampling/Interpretation"", ""Transportation Resource Evaluation"", ""Underwater/Maritime Survey""]",90967.0,109023.0,USD,https://example.com/demo/job/14,"Senior Zooarchaeology Analyst at Sunbelt Heritage Solutions. Key skills include Heritage Policy Analysis, NPS Preservation Briefs & Bulletins, Preventive Conservation, Radiocarbon Sampling/Interpretation, Transportation Resource Evaluation. This is synthetic demo data.",-0.084
AAA,Zooarchaeology Analyst,Heritage Research Group,"San Antonio, TX",San Antonio,TX,29.4241,-98.4936,2026-01-06,lab/analyst,lead/PI,ArcGIS;Built Environment Survey;NAGPRA;Omeka S (Digital Exhibits),"[""ArcGIS"", ""Built Environment Survey"", ""NAGPRA"", ""Omeka S (Digital Exhibits)""]",108694.0,137555.0,USD,https://example.com/demo/job/15,"Zooarchaeology Analyst at Heritage Research Group. Key skills include ArcGIS, Built Environment Survey, NAGPRA, Omeka S (Digital Exhibits). This is synthetic demo data.",-0.092
ACRA,Field Technician,Cultural Resource Consultants,"Portland, OR",Portland,OR,45.5152,-122.6784,2025-12-30,field-tech,mid,FPIC (Free;Heritage Management Plan;LiDAR Processing;Local Preservation Ordinances;Preventive Conservation & Rehousing;Proposal/Scope Writing (RFP/RFQ);Radiocarbon Sampling/Interpretation;Section 106;Soil Micromorphology,"[""FPIC (Free"", ""Heritage Management Plan"", ""LiDAR Processing"", ""Local Preservation Ordinances"", ""Preventive Conservation & Rehousing"", ""Proposal/Scope Writing (RFP/RFQ)"", ""Radiocarbon Sampling/Interpretation"", ""Section 106"", ""Soil Micromorphology""]",61089.0,69211.0,USD,https://example.com/demo/job/16,"Field Technician at Cultural Resource Consultants. Key skills include FPIC (Free, Heritage Management Plan, LiDAR Processing, Local Preservation Ordinances, Preventive Conservation & Rehousing. This is synthetic demo data.",0.083
AAA,Field Technician,Western CRM Partners,"Washington, DC",Washington,DC,38.9072,-77.0369,2025-12-29,field-tech,mid,Crew Chief / Field Director;LiDAR Processing;Proposal/Scope Writing (RFP/RFQ);Section 106;Section 4(f) DOT Act;Viewshed and Setting Analysis;Wood Conservation,"[""Crew Chief / Field Director"", ""LiDAR Processing"", ""Proposal/Scope Writing (RFP/RFQ)"", ""Section 106"", ""Section 4(f) DOT Act"", ""Viewshed and Setting Analysis"", ""Wood Conservation""]",62821.0,74172.0,USD,https://example.com/demo/job/17,"Field Technician at Western CRM Partners. Key skills include Crew Chief / Field Director, LiDAR Processing, Proposal/Scope Writing (RFP/RFQ), Section 106, Section 4(f) DOT Act. This is synthetic demo data.",0.12
ACRA,Project Manager,ArchaeoLab Services,"Denver, CO",Denver,CO,39.7392,-104.9903,2025-11-10,pm/pi,entry,Cultural Sensitivity Training;Long-Term Resource Monitoring Plan;Mitigation Reporting & Closeout;Section 106,"[""Cultural Sensitivity Training"", ""Long-Term Resource Monitoring Plan"", ""Mitigation Reporting & Closeout"", ""Section 106""]",,,,https://example.com/demo/job/18,"Project Manager at ArchaeoLab Services. Key skills include Cultural Sensitivity Training, Long-Term Resource Monitoring Plan, Mitigation Reporting & Closeout, Section 106. This is synthetic demo data.",0.107
AAA,Crew Chief,Preservation Strategy Studio,"Raleigh, NC",Raleigh,NC,35.7796,-78.6382,2025-10-31,field-tech,senior,Accession Policy & Procedures;ArcGIS;Collections Metadata (Dublin Core/PREMIS),"[""Accession Policy & Procedures"", ""ArcGIS"", ""Collections Metadata (Dublin Core/PREMIS)""]",77093.0,91555.0,USD,https://example.com/demo/job/19,"Crew Chief at Preservation Strategy Studio. Key skills include Accession Policy & Procedures, ArcGIS, Collections Metadata (Dublin Core/PREMIS). This is synthetic demo data.",-0.057
ACRA,Senior Architectural Historian,GeoCultural Analytics,"Sacramento, CA",Sacramento,CA,38.5816,-121.4944,2025-12-15,architectural-historian,lead/PI,Collections Management Policy;Digitization & Georeferencing;NAGPRA;NEPA;Paleoethnobotany/Archaeobotany;SQL;Structure-from-Motion Photogrammetry,"[""Collections Management Policy"", ""Digitization & Georeferencing"", ""NAGPRA"", ""NEPA"", ""Paleoethnobotany/Archaeobotany"", ""SQL"", ""Structure-from-Motion Photogrammetry""]",118956.0,152033.0,USD,https://example.com/demo/job/20,"Senior Architectural Historian at GeoCultural Analytics. Key skills include Collections Management Policy, Digitization & Georeferencing, NAGPRA, NEPA, Paleoethnobotany/Archaeobotany. This is synthetic demo data.",-0.122
AAA,Cultural Resources Planner,Regional Heritage Associates,"Salt Lake City, UT",Salt Lake City,UT,40.7608,-111.891,2026-01-26,architectural-historian,entry,Collections Loan Management;DOIs/PIDs for Heritage Assets;Data Management Plan (FAIR);Digital Preservation (OAIS/BagIt);GDAL/OGR;NEPA;Obsidian Sourcing/XRF;Section 106;Shovel Test Pits (STPs),"[""Collections Loan Management"", ""DOIs/PIDs for Heritage Assets"", ""Data Management Plan (FAIR)"", ""Digital Preservation (OAIS/BagIt)"", ""GDAL/OGR"", ""NEPA"", ""Obsidian Sourcing/XRF"", ""Section 106"", ""Shovel Test Pits (STPs)""]",43684.0,50581.0,USD,https://example.com/demo/job/21,"Cultural Resources Planner at Regional Heritage Associates. Key skills include Collections Loan Management, DOIs/PIDs for Heritage Assets, Data Management Plan (FAIR), Digital Preservation (OAIS/BagIt), GDAL/OGR. This is synthetic demo data.",0.482
AAA,Collections Specialist,Frontier Cultural Resources,"Salt Lake City, UT",Salt Lake City,UT,40.7608,-111.891,2025-10-18,lab/analyst,mid,Adobe InDesign (Reports);Collections Conservation Planning;Ethnographic Research Methods;Phase I Archaeological Survey;SOI Professional Qualifications;Structure-from-Motion Photogrammetry,"[""Adobe InDesign (Reports)"", ""Collections Conservation Planning"", ""Ethnographic Research Methods"", ""Phase I Archaeological Survey"", ""SOI Professional Qualifications"", ""Structure-from-Motion Photogrammetry""]",63742.0,73350.0,USD,https://example.com/demo/job/22,"Collections Specialist at Frontier Cultural Resources. Key skills include Adobe InDesign (Reports), Collections Conservation Planning, Ethnographic Research Methods, Phase I Archaeological Survey, SOI Professional Qualifications. This is synthetic demo data.",0.411
AAA,Zooarchaeology Analyst,Sagebrush Archaeology,"San Antonio, TX",San Antonio,TX,29.4241,-98.4936,2025-12-09,lab/analyst,mid,Collections Conservation Planning;GDAL/OGR;Historic Materials Conservation;Historic Paint Analysis;NEPA;Section 106;Section 4(f) DOT Act,"[""Collections Conservation Planning"", ""GDAL/OGR"", ""Historic Materials Conservation"", ""Historic Paint Analysis"", ""NEPA"", ""Section 106"", ""Section 4(f) DOT Act""]",57274.0,68847.0,USD,https://example.com/demo/job/23,"Zooarchaeology Analyst at Sagebrush Archaeology. Key skills include Collections Conservation Planning, GDAL/OGR, Historic Materials Conservation, Historic Paint Analysis, NEPA. This is synthetic demo data.",0.276
ACRA,Field Technician,Bay Area Preservation,"Raleigh, NC",Raleigh,NC,35.7796,-78.6382,2025-12-09,field-tech,senior,ArcGIS;Ethnographic Research Methods;Lithic Analysis;NEPA;Project Management;Stakeholder Mapping,"[""ArcGIS"", ""Ethnographic Research Methods"", ""Lithic Analysis"", ""NEPA"", ""Project Management"", ""Stakeholder Mapping""]",97769.0,112908.0,USD,https://example.com/demo/job/24,"Field Technician at Bay Area Preservation. Key skills include ArcGIS, Ethnographic Research Methods, Lithic Analysis, NEPA, Project Management. This is synthetic demo data.",0.07
AAA,Architectural Historian,Capitol Heritage Advisors,"Washington, DC",Washington,DC,38.9072,-77.0369,2025-12-23,architectural-historian,mid,Adobe InDesign (Reports);Adobe Photoshop;Climate Adaptation for Heritage;Cultural Sensitivity Training;NAGPRA;OSHA HAZWOPER 40-hour;Site Recording & Forms;Viewshed and Setting Analysis,"[""Adobe InDesign (Reports)"", ""Adobe Photoshop"", ""Climate Adaptation for Heritage"", ""Cultural Sensitivity Training"", ""NAGPRA"", ""OSHA HAZWOPER 40-hour"", ""Site Recording & Forms"", ""Viewshed and Setting Analysis""]",57292.0,75174.0,USD,https://example.com/demo/job/25,"Architectural Historian at Capitol Heritage Advisors. Key skills include Adobe InDesign (Reports), Adobe Photoshop, Climate Adaptation for Heritage, Cultural Sensitivity Training, NAGPRA. This is synthetic demo data.",0.264
AAA,Senior Cultural Resources Planner,Great Lakes CRM,"Albuquerque, NM",Albuquerque,NM,35.0844,-106.6504,2025-12-16,architectural-historian,senior,Archaeological Monitoring;Collections Loan Management;Esri Survey123;Heritage Risk Assessment;Phase III Data Recovery;Venice Charter Principles,"[""Archaeological Monitoring"", ""Collections Loan Management"", ""Esri Survey123"", ""Heritage Risk Assessment"", ""Phase III Data Recovery"", ""Venice Charter Principles""]",,,,https://example.com/demo/job/26,"Senior Cultural Resources Planner at Great Lakes CRM. Key skills include Archaeological Monitoring, Collections Loan Management, Esri Survey123, Heritage Risk Assessment, Phase III Data Recovery. This is synthetic demo data.",0.084
AAA,Senior Architectural Historian,High Plains Cultural Resources,"Phoenix, AZ",Phoenix,AZ,33.4484,-112.074,2025-11-10,architectural-historian,senior,California Environmental Quality Act;Cultural Landscape Management;Mitigation Reporting & Closeout;PostGIS;SOI Professional Standards;Section 110 (NHPA);Underwater/Maritime Survey,"[""California Environmental Quality Act"", ""Cultural Landscape Management"", ""Mitigation Reporting & Closeout"", ""PostGIS"", ""SOI Professional Standards"", ""Section 110 (NHPA)"", ""Underwater/Maritime Survey""]",96115.0,108895.0,USD,https://example.com/demo/job/27,"Senior Architectural Historian at High Plains Cultural Resources. Key skills include California Environmental Quality Act, Cultural Landscape Management, Mitigation Reporting & Closeout, PostGIS, SOI Professional Standards. This is synthetic demo data.",-0.135
AAA,Senior Collections Specialist,Sunbelt Heritage Solutions,"Los Angeles, CA",Los Angeles,CA,34.0522,-118.2437,2025-10-29,lab/analyst,senior,Collections Curation (36 CFR 79);Design Review for Historic Properties;NEPA;Plaster Conservation,"[""Collections Curation (36 CFR 79)"", ""Design Review for Historic Properties"", ""NEPA"", ""Plaster Conservation""]",85580.0,110098.0,USD,https://example.com/demo/job/28,"Senior Collections Specialist at Sunbelt Heritage Solutions. Key skills include Collections Curation (36 CFR 79), Design Review for Historic Properties, NEPA, Plaster Conservation. This is synthetic demo data.",0.146
AAA,Field Technician,Heritage Research Group,"Los Angeles, CA",Los Angeles,CA,34.0522,-118.2437,2025-12-03,field-tech,mid,Conservation Plan;Emergency Stabilization (Historic Fabric);Ethnographic Research Methods;Heritage Risk Assessment;Radiocarbon Sampling/Interpretation;UNESCO World Heritage Nomination Process,"[""Conservation Plan"", ""Emergency Stabilization (Historic Fabric)"", ""Ethnographic Research Methods"", ""Heritage Risk Assessment"", ""Radiocarbon Sampling/Interpretation"", ""UNESCO World Heritage Nomination Process""]",,,,https://example.com/demo/job/29,"Field Technician at Heritage Research Group. Key skills include Conservation Plan, Emergency Stabilization (Historic Fabric), Ethnographic Research Methods, Heritage Risk Assessment, Radiocarbon Sampling/Interpretation. This is synthetic demo data.",0.465
AAA,Principal Investigator,Cultural Resource Consultants,"Austin, TX",Austin,TX,30.2672,-97.7431,2026-01-04,pm/pi,lead/PI,Archaeological Data Recovery Plan;Digitization & Georeferencing;FileMaker Pro;NRHP Evaluation Criteria;Preventive Conservation;Wood Conservation,"[""Archaeological Data Recovery Plan"", ""Digitization & Georeferencing"", ""FileMaker Pro"", ""NRHP Evaluation Criteria"", ""Preventive Conservation"", ""Wood Conservation""]",105679.0,129677.0,USD,https://example.com/demo/job/30,"Principal Investigator at Cultural Resource Consultants. Key skills include Archaeological Data Recovery Plan, Digitization & Georeferencing, FileMaker Pro, NRHP Evaluation Criteria, Preventive Conservation. This is synthetic demo data.",-0.036
AAA,Senior Archaeology Technician,Western CRM Partners,"Seattle, WA",Seattle,WA,47.6062,-122.3321,2025-11-27,field-tech,senior,Architectural History;Emergency Preparedness (Collections/Sites);Mitigation Reporting & Closeout;PastPerfect CMS;Phase II Evaluation/Testing;Security Planning for Heritage Assets,"[""Architectural History"", ""Emergency Preparedness (Collections/Sites)"", ""Mitigation Reporting & Closeout"", ""PastPerfect CMS"", ""Phase II Evaluation/Testing"", ""Security Planning for Heritage Assets""]",,,,https://example.com/demo/job/31,"Senior Archaeology Technician at Western CRM Partners. Key skills include Architectural History, Emergency Preparedness (Collections/Sites), Mitigation Reporting & Closeout, PastPerfect CMS, Phase II Evaluation/Testing. This is synthetic demo data.",0.433
ACRA,Program Manager,ArchaeoLab Services,"Washington, DC",Washington,DC,38.9072,-77.0369,2026-01-07,pm/pi,entry,CIDOC CRM (Heritage Semantics);File/Enterprise Geodatabase;FileMaker Pro,"[""CIDOC CRM (Heritage Semantics)"", ""File/Enterprise Geodatabase"", ""FileMaker Pro""]",55692.0,63124.0,USD,https://example.com/demo/job/32,"Program Manager at ArchaeoLab Services. Key skills include CIDOC CRM (Heritage Semantics), File/Enterprise Geodatabase, FileMaker Pro. This is synthetic demo data.",0.142
AAA,Senior Project Manager,Preservation Strategy Studio,"Sacramento, CA",Sacramento,CA,38.5816,-121.4944,2025-10-22,pm/pi,lead/PI,Burra Charter Principles;Collections Loan Management;Cultural Landscape Management;Historic District Survey;National Historic Preservation Act;Repository Standards & Agreements;Scientific Diving (AAUS);Section 106;State Environmental Policy Act,"[""Burra Charter Principles"", ""Collections Loan Management"", ""Cultural Landscape Management"", ""Historic District Survey"", ""National Historic Preservation Act"", ""Repository Standards & Agreements"", ""Scientific Diving (AAUS)"", ""Section 106"", ""State Environmental Policy Act""]",91776.0,109526.0,USD,https://example.com/demo/job/33,"Senior Project Manager at Preservation Strategy Studio. Key skills include Burra Charter Principles, Collections Loan Management, Cultural Landscape Management, Historic District Survey, National Historic Preservation Act. This is synthetic demo data.",-0.073
ACRA,Senior Architectural Historian,GeoCultural Analytics,"Sacramento, CA",Sacramento,CA,38.5816,-121.4944,2025-11-18,architectural-historian,lead/PI,Electrical Resistivity;FileMaker Pro;NEPA;Omeka S (Digital Exhibits);Phase III Data Recovery;Python;Section 106,"[""Electrical Resistivity"", ""FileMaker Pro"", ""NEPA"", ""Omeka S (Digital Exhibits)"", ""Phase III Data Recovery"", ""Python"", ""Section 106""]",,,,https://example.com/demo/job/34,"Senior Architectural Historian at GeoCultural Analytics. Key skills include Electrical Resistivity, FileMaker Pro, NEPA, Omeka S (Digital Exhibits), Phase III Data Recovery. This is synthetic demo data.",0.255
AAA,Collections Specialist,Regional Heritage Associates,"Tucson, AZ",Tucson,AZ,32.2226,-110.9747,2026-01-02,lab/analyst,entry,Mortar Analysis & Repointing;National Historic Preservation Act;PastPerfect CMS;Section 106,"[""Mortar Analysis & Repointing"", ""National Historic Preservation Act"", ""PastPerfect CMS"", ""Section 106""]",,,,https://example.com/demo/job/35,"Collections Specialist at Regional Heritage Associates. Key skills include Mortar Analysis & Repointing, National Historic Preservation Act, PastPerfect CMS, Section 106. This is synthetic demo data.",0.337
ACRA,Artifact Analyst,Frontier Cultural Resources,"Las Vegas, NV",Las Vegas,NV,36.1699,-115.1398,2025-10-30,lab/analyst,entry,Collections Conservation Planning;Ground Penetrating Radar;Project Management,"[""Collections Conservation Planning"", ""Ground Penetrating Radar"", ""Project Management""]",48149.0,55398.0,USD,https://example.com/demo/job/36,"Artifact Analyst at Frontier Cultural Resources. Key skills include Collections Conservation Planning, Ground Penetrating Radar, Project Management. This is synthetic demo data.",0.214
AAA,Cultural Resources Planner,Sagebrush Archaeology,"Los Angeles, CA",Los Angeles,CA,34.0522,-118.2437,2026-01-18,architectural-historian,entry,Accessioning & Cataloging;Burra Charter Principles;Crew Chief / Field Director;Obsidian Sourcing/XRF;RTK GNSS Survey;Section 4(f) Evaluation;Viewshed Analysis,"[""Accessioning & Cataloging"", ""Burra Charter Principles"", ""Crew Chief / Field Director"", ""Obsidian Sourcing/XRF"", ""RTK GNSS Survey"", ""Section 4(f) Evaluation"", ""Viewshed Analysis""]",47590.0,51693.0,USD,https://example.com/demo/job/37,"Cultural Resources Planner at Sagebrush Archaeology. Key skills include Accessioning & Cataloging, Burra Charter Principles, Crew Chief / Field Director, Obsidian Sourcing/XRF, RTK GNSS Survey. This is synthetic demo data.",-0.126
ACRA,Senior Zooarchaeology Analyst,Bay Area Preservation,"Boise, ID",Boise,ID,43.615,-116.2023,2026-01-19,lab/analyst,lead/PI,Accessibility & ADA in Historic Settings;Cost Distance / Least-Cost Path;Cultural Landscape Management;Cultural Sensitivity Training;HABS/HAER/HALS Documentation;HIA (Heritage Impact Assessment);Section 106 Regulations (36 CFR 800),"[""Accessibility & ADA in Historic Settings"", ""Cost Distance / Least-Cost Path"", ""Cultural Landscape Management"", ""Cultural Sensitivity Training"", ""HABS/HAER/HALS Documentation"", ""HIA (Heritage Impact Assessment)"", ""Section 106 Regulations (36 CFR 800)""]",107589.0,133150.0,USD,https://example.com/demo/job/38,"Senior Zooarchaeology Analyst at Bay Area Preservation. Key skills include Accessibility & ADA in Historic Settings, Cost Distance / Least-Cost Path, Cultural Landscape Management, Cultural Sensitivity Training, HABS/HAER/HALS Documentation. This is synthetic demo data.",-0.005
AAA,Program Manager,Capitol Heritage Advisors,"Austin, TX",Austin,TX,30.2672,-97.7431,2026-01-02,pm/pi,mid,Dendrochronology;Historic District Guidelines;Historic Tax Credit Applications;Oral History Methods;QGIS;Section 106,"[""Dendrochronology"", ""Historic District Guidelines"", ""Historic Tax Credit Applications"", ""Oral History Methods"", ""QGIS"", ""Section 106""]",66152.0,77733.0,USD,https://example.com/demo/job/39,"Program Manager at Capitol Heritage Advisors. Key skills include Dendrochronology, Historic District Guidelines, Historic Tax Credit Applications, Oral History Methods, QGIS. This is synthetic demo data.",0.189
ACRA,Archaeology Technician,Great Lakes CRM,"Atlanta, GA",Atlanta,GA,33.749,-84.388,2025-11-25,field-tech,mid,Budgeting & Scheduling;Design Review for Historic Properties;Disaster Risk Reduction & Response;Historic Preservation Plan;Mortar Analysis & Repointing;Pedestrian Survey;Python;Section 106 Finding of Effect,"[""Budgeting & Scheduling"", ""Design Review for Historic Properties"", ""Disaster Risk Reduction & Response"", ""Historic Preservation Plan"", ""Mortar Analysis & Repointing"", ""Pedestrian Survey"", ""Python"", ""Section 106 Finding of Effect""]",55565.0,64089.0,USD,https://example.com/demo/job/40,"Archaeology Technician at Great Lakes CRM. Key skills include Budgeting & Scheduling, Design Review for Historic Properties, Disaster Risk Reduction & Response, Historic Preservation Plan, Mortar Analysis & Repointing. This is synthetic demo data.",0.014
ACRA,Senior Project Director,High Plains Cultural Resources,"Washington, DC",Washington,DC,38.9072,-77.0369,2026-01-10,pm/pi,senior,CIDOC CRM (Heritage Semantics);Co-Management Agreements;Cost Distance / Least-Cost Path;GDAL/OGR;NPS Preservation Briefs & Bulletins;Post-Disaster Damage Assessment;Remote Sensing Classification;SOI Treatment Standards (Preserve/Rehab/Restore/Reconstruct);Section 106,"[""CIDOC CRM (Heritage Semantics)"", ""Co-Management Agreements"", ""Cost Distance / Least-Cost Path"", ""GDAL/OGR"", ""NPS Preservation Briefs & Bulletins"", ""Post-Disaster Damage Assessment"", ""Remote Sensing Classification"", ""SOI Treatment Standards (Preserve/Rehab/Restore/Reconstruct)"", ""Section 106""]",82339.0,94297.0,USD,https://example.com/demo/job/41,"Senior Project Director at High Plains Cultural Resources. Key skills include CIDOC CRM (Heritage Semantics), Co-Management Agreements, Cost Distance / Least-Cost Path, GDAL/OGR, NPS Preservation Briefs & Bulletins. This is synthetic demo data.",-0.066
ACRA,Architectural Historian,Sunbelt Heritage Solutions,"San Antonio, TX",San Antonio,TX,29.4241,-98.4936,2026-01-02,architectural-historian,senior,Digital Twins for Heritage Sites;Ethnographic Research Methods;FME (Feature Manipulation Engine);Historic Paint Analysis;NEPA,"[""Digital Twins for Heritage Sites"", ""Ethnographic Research Methods"", ""FME (Feature Manipulation Engine)"", ""Historic Paint Analysis"", ""NEPA""]",73491.0,84384.0,USD,https://example.com/demo/job/42,"Architectural Historian at Sunbelt Heritage Solutions. Key skills include Digital Twins for Heritage Sites, Ethnographic Research Methods, FME (Feature Manipulation Engine), Historic Paint Analysis, NEPA. This is synthetic demo data.",0.247
ACRA,Crew Chief,Heritage Research Group,"San Antonio, TX",San Antonio,TX,29.4241,-98.4936,2025-10-14,field-tech,entry,Heritage Management Plan;Public Interpretation & Education;Residue/Use-Wear Analysis;SOI Treatment Standards (Preserve/Rehab/Restore/Reconstruct);Total Station Survey;UAV Photogrammetry,"[""Heritage Management Plan"", ""Public Interpretation & Education"", ""Residue/Use-Wear Analysis"", ""SOI Treatment Standards (Preserve/Rehab/Restore/Reconstruct)"", ""Total Station Survey"", ""UAV Photogrammetry""]",55469.0,60004.0,USD,https://example.com/demo/job/43,"Crew Chief at Heritage Research Group. Key skills include Heritage Management Plan, Public Interpretation & Education, Residue/Use-Wear Analysis, SOI Treatment Standards (Preserve/Rehab/Restore/Reconstruct), Total Station Survey. This is synthetic demo data.",-0.094
AAA,Senior Archaeology Technician,Cultural Resource Consultants,"Washington, DC",Washington,DC,38.9072,-77.0369,2025-11-28,field-tech,senior,Accessibility & ADA in Historic Settings;California Environmental Quality Act;Historic Materials Conservation;MOA (Section 106 Resolution);Technical Editing;Viewshed and Setting Analysis,"[""Accessibility & ADA in Historic Settings"", ""California Environmental Quality Act"", ""Historic Materials Conservation"", ""MOA (Section 106 Resolution)"", ""Technical Editing"", ""Viewshed and Setting Analysis""]",81743.0,105835.0,USD,https://example.com/demo/job/44,"Senior Archaeology Technician at Cultural Resource Consultants. Key skills include Accessibility & ADA in Historic Settings, California Environmental Quality Act, Historic Materials Conservation, MOA (Section 106 Resolution), Technical Editing. This is synthetic demo data.",0.198
AAA,Collections Specialist,Western CRM Partners,"Tucson, AZ",Tucson,AZ,32.2226,-110.9747,2025-12-04,lab/analyst,entry,Budget & Cost Control (Preservation);Community Outreach & Interpretation;Mortar Analysis & Repointing;NEPA;Preventive Conservation & Rehousing;Section 4(f) Evaluation,"[""Budget & Cost Control (Preservation)"", ""Community Outreach & Interpretation"", ""Mortar Analysis & Repointing"", ""NEPA"", ""Preventive Conservation & Rehousing"", ""Section 4(f) Evaluation""]",48693.0,56383.0,USD,https://example.com/demo/job/45,"Collections Specialist at Western CRM Partners. Key skills include Budget & Cost Control (Preservation), Community Outreach & Interpretation, Mortar Analysis & Repointing, NEPA, Preventive Conservation & Rehousing. This is synthetic demo data.",-0.177
ACRA,Project Manager,ArchaeoLab Services,"Portland, OR",Portland,OR,45.5152,-122.6784,2025-10-23,pm/pi,senior,Chance Find/Stop-Work Protocols;NEPA;Native American Graves Protection and Repatriation Act;Quality Assurance / Quality Control;Resource Condition Assessment;Section 106;Section 4(f) Evaluation,"[""Chance Find/Stop-Work Protocols"", ""NEPA"", ""Native American Graves Protection and Repatriation Act"", ""Quality Assurance / Quality Control"", ""Resource Condition Assessment"", ""Section 106"", ""Section 4(f) Evaluation""]",76882.0,101765.0,USD,https://example.com/demo/job/46,"Project Manager at ArchaeoLab Services. Key skills include Chance Find/Stop-Work Protocols, NEPA, Native American Graves Protection and Repatriation Act, Quality Assurance / Quality Control, Resource Condition Assessment. This is synthetic demo data.",-0.158
AAA,Senior Project Manager,Preservation Strategy Studio,"Portland, OR",Portland,OR,45.5152,-122.6784,2025-11-15,pm/pi,senior,Cost Distance / Least-Cost Path;DEIA Practices in Heritage Work;Historic District Survey;Local Preservation Ordinances;NEPA;Post-Disaster Damage Assessment,"[""Cost Distance / Least-Cost Path"", ""DEIA Practices in Heritage Work"", ""Historic District Survey"", ""Local Preservation Ordinances"", ""NEPA"", ""Post-Disaster Damage Assessment""]",73306.0,97878.0,USD,https://example.com/demo/job/47,"Senior Project Manager at Preservation Strategy Studio. Key skills include Cost Distance / Least-Cost Path, DEIA Practices in Heritage Work, Historic District Survey, Local Preservation Ordinances, NEPA. This is synthetic demo data.",-0.182
AAA,Cultural Resources Planner,GeoCultural Analytics,"Los Angeles, CA",Los Angeles,CA,34.0522,-118.2437,2025-11-29,architectural-historian,entry,Community Outreach & Interpretation;PostgreSQL;R,"[""Community Outreach & Interpretation"", ""PostgreSQL"", ""R""]",46557.0,52043.0,USD,https://example.com/demo/job/48,"Cultural Resources Planner at GeoCultural Analytics. Key skills include Community Outreach & Interpretation, PostgreSQL, R. This is synthetic demo data.",0.478
AAA,Senior Project Director,Regional Heritage Associates,"San Antonio, TX",San Antonio,TX,29.4241,-98.4936,2025-10-09,pm/pi,senior,NEPA;Phase I Archaeological Survey;Remote Sensing Classification;Repatriation Policy & Procedures,"[""NEPA"", ""Phase I Archaeological Survey"", ""Remote Sensing Classification"", ""Repatriation Policy & Procedures""]",85122.0,108451.0,USD,https://example.com/demo/job/49,"Senior Project Director at Regional Heritage Associates. Key skills include NEPA, Phase I Archaeological Survey, Remote Sensing Classification, Repatriation Policy & Procedures. This is synthetic demo data.",-0.138
AAA,Field Supervisor,Frontier Cultural Resources,"Sacramento, CA",Sacramento,CA,38.5816,-121.4944,2025-12-24,field-tech,senior,Conservation Plan;DEIA Practices in Heritage Work;NEPA;Section 4(f) DOT Act,"[""Conservation Plan"", ""DEIA Practices in Heritage Work"", ""NEPA"", ""Section 4(f) DOT Act""]",83854.0,104055.0,USD,https://example.com/demo/job/50,"Field Supervisor at Frontier Cultural Resources. Key skills include Conservation Plan, DEIA Practices in Heritage Work, NEPA, Section 4(f) DOT Act. This is synthetic demo data.",0.332
ACRA,Senior Artifact Analyst,Sagebrush Archaeology,"San Diego, CA",San Diego,CA,32.7157,-117.1611,2026-01-20,lab/analyst,senior,CPR/First Aid;California Environmental Quality Act;Collections Environmental Monitoring;Dendrochronology;Historic District Guidelines;Mortar Analysis & Repointing;NEPA;NEPA Class of Action;Preventive Conservation & Rehousing;Section 106,"[""CPR/First Aid"", ""California Environmental Quality Act"", ""Collections Environmental Monitoring"", ""Dendrochronology"", ""Historic District Guidelines"", ""Mortar Analysis & Repointing"", ""NEPA"", ""NEPA Class of Action"", ""Preventive Conservation & Rehousing"", ""Section 106""]",,,,https://example.com/demo/job/51,"Senior Artifact Analyst at Sagebrush Archaeology. Key skills include CPR/First Aid, California Environmental Quality Act, Collections Environmental Monitoring, Dendrochronology, Historic District Guidelines. This is synthetic demo data.",0.123
ACRA,Project Director,Bay Area Preservation,"Albuquerque, NM",Albuquerque,NM,35.0844,-106.6504,2025-10-22,pm/pi,mid,Co-Management Agreements;Cost Distance / Least-Cost Path;Cultural Landscape Report (CLR);HIA (Heritage Impact Assessment);Phase II Evaluation/Testing;Plaster Conservation;Security Planning for Heritage Assets,"[""Co-Management Agreements"", ""Cost Distance / Least-Cost Path"", ""Cultural Landscape Report (CLR)"", ""HIA (Heritage Impact Assessment)"", ""Phase II Evaluation/Testing"", ""Plaster Conservation"", ""Security Planning for Heritage Assets""]",74640.0,89967.0,USD,https://example.com/demo/job/52,"Project Director at Bay Area Preservation. Key skills include Co-Management Agreements, Cost Distance / Least-Cost Path, Cultural Landscape Report (CLR), HIA (Heritage Impact Assessment), Phase II Evaluation/Testing. This is synthetic demo data.",-0.007
AAA,Senior Architectural Historian,Capitol Heritage Advisors,"Minneapolis, MN",Minneapolis,MN,44.9778,-93.265,2025-11-22,architectural-historian,senior,Historic Preservation Plan;Integrated Pest Management (IPM);Project Management;Quality Assurance / Quality Control;Section 4(f) DOT Act,"[""Historic Preservation Plan"", ""Integrated Pest Management (IPM)"", ""Project Management"", ""Quality Assurance / Quality Control"", ""Section 4(f) DOT Act""]",82893.0,101935.0,USD,https://example.com/demo/job/53,"Senior Architectural Historian at Capitol Heritage Advisors. Key skills include Historic Preservation Plan, Integrated Pest Management (IPM), Project Management, Quality Assurance / Quality Control, Section 4(f) DOT Act. This is synthetic demo data.",0.453
AAA,Principal Investigator,Great Lakes CRM,"San Diego, CA",San Diego,CA,32.7157,-117.1611,2025-10-21,pm/pi,mid,AutoCAD (Drafting);Design Review for Historic Properties;Magnetometry Survey;Omeka S (Digital Exhibits);Paleoethnobotany/Archaeobotany;Security Planning for Heritage Assets,"[""AutoCAD (Drafting)"", ""Design Review for Historic Properties"", ""Magnetometry Survey"", ""Omeka S (Digital Exhibits)"", ""Paleoethnobotany/Archaeobotany"", ""Security Planning for Heritage Assets""]",59984.0,75099.0,USD,https://example.com/demo/job/54,"Principal Investigator at Great Lakes CRM. Key skills include AutoCAD (Drafting), Design Review for Historic Properties, Magnetometry Survey, Omeka S (Digital Exhibits), Paleoethnobotany/Archaeobotany. This is synthetic demo data.",0.409
AAA,Project Manager,High Plains Cultural Resources,"Austin, TX",Austin,TX,30.2672,-97.7431,2025-12-30,pm/pi,entry,ArcGIS;Cultural Landscape Report (CLR);Deaccessioning Procedures;PastPerfect CMS;Pedestrian Survey;Section 110 (NHPA);Terrestrial Laser Scanning (TLS);Transportation Resource Evaluation,"[""ArcGIS"", ""Cultural Landscape Report (CLR)"", ""Deaccessioning Procedures"", ""PastPerfect CMS"", ""Pedestrian Survey"", ""Section 110 (NHPA)"", ""Terrestrial Laser Scanning (TLS)"", ""Transportation Resource Evaluation""]",43315.0,54292.0,USD,https://example.com/demo/job/55,"Project Manager at High Plains Cultural Resources. Key skills include ArcGIS, Cultural Landscape Report (CLR), Deaccessioning Procedures, PastPerfect CMS, Pedestrian Survey. This is synthetic demo data.",0.468
ACRA,Archaeology Technician,Sunbelt Heritage Solutions,"San Antonio, TX",San Antonio,TX,29.4241,-98.4936,2026-01-28,field-tech,entry,Climate Adaptation for Heritage;Data Visualization;Esri Field Maps;Heritage Economics & Valuation;Heritage Policy Analysis;Historic Paint Analysis;Python;Site Recording & Forms,"[""Climate Adaptation for Heritage"", ""Data Visualization"", ""Esri Field Maps"", ""Heritage Economics & Valuation"", ""Heritage Policy Analysis"", ""Historic Paint Analysis"", ""Python"", ""Site Recording & Forms""]",49269.0,54631.0,USD,https://example.com/demo/job/56,"Archaeology Technician at Sunbelt Heritage Solutions. Key skills include Climate Adaptation for Heritage, Data Visualization, Esri Field Maps, Heritage Economics & Valuation, Heritage Policy Analysis. This is synthetic demo data.",-0.168
ACRA,Senior Historic Preservation Specialist,Heritage Research Group,"Tucson, AZ",Tucson,AZ,32.2226,-110.9747,2025-12-23,architectural-historian,senior,Crew Chief / Field Director;FPIC (Free;NEPA;Phase I Archaeological Survey;THPO Consultation,"[""Crew Chief / Field Director"", ""FPIC (Free"", ""NEPA"", ""Phase I Archaeological Survey"", ""THPO Consultation""]",74587.0,94572.0,USD,https://example.com/demo/job/57,"Senior Historic Preservation Specialist at Heritage Research Group. Key skills include Crew Chief / Field Director, FPIC (Free, NEPA, Phase I Archaeological Survey, THPO Consultation. This is synthetic demo data.",0.148
AAA,Zooarchaeology Analyst,Cultural Resource Consultants,"Washington, DC",Washington,DC,38.9072,-77.0369,2025-11-28,lab/analyst,mid,Conservation Management Plan;Cultural Landscape Management;Esri Field Maps;ICOMOS Ethical Guidelines;SHPO Consultation;Section 106;State Environmental Policy Act;Stone Conservation,"[""Conservation Management Plan"", ""Cultural Landscape Management"", ""Esri Field Maps"", ""ICOMOS Ethical Guidelines"", ""SHPO Consultation"", ""Section 106"", ""State Environmental Policy Act"", ""Stone Conservation""]",66323.0,82949.0,USD,https://example.com/demo/job/58,"Zooarchaeology Analyst at Cultural Resource Consultants. Key skills include Conservation Management Plan, Cultural Landscape Management, Esri Field Maps, ICOMOS Ethical Guidelines, SHPO Consultation. This is synthetic demo data.",0.12
AAA,Program Manager,Western CRM Partners,"Portland, OR",Portland,OR,45.5152,-122.6784,2025-12-28,pm/pi,mid,Metal Conservation;NEPA;Omeka S (Digital Exhibits);Primavera P6,"[""Metal Conservation"", ""NEPA"", ""Omeka S (Digital Exhibits)"", ""Primavera P6""]",64674.0,72033.0,USD,https://example.com/demo/job/59,"Program Manager at Western CRM Partners. Key skills include Metal Conservation, NEPA, Omeka S (Digital Exhibits), Primavera P6. This is synthetic demo data.",-0.008
ACRA,Project Director,ArchaeoLab Services,"Washington, DC",Washington,DC,38.9072,-77.0369,2025-12-31,pm/pi,entry,CIDOC CRM (Heritage Semantics);California Environmental Quality Act;Emergency Stabilization (Historic Fabric);NEPA;NRHP Determination of Eligibility;Section 106,"[""CIDOC CRM (Heritage Semantics)"", ""California Environmental Quality Act"", ""Emergency Stabilization (Historic Fabric)"", ""NEPA"", ""NRHP Determination of Eligibility"", ""Section 106""]",54379.0,64284.0,USD,https://example.com/demo/job/60,"Project Director at ArchaeoLab Services. Key skills include CIDOC CRM (Heritage Semantics), California Environmental Quality Act, Emergency Stabilization (Historic Fabric), NEPA, NRHP Determination of Eligibility. This is synthetic demo data.",0.24
ACRA,Senior Project Manager,Preservation Strategy Studio,"Tucson, AZ",Tucson,AZ,32.2226,-110.9747,2025-11-08,pm/pi,senior,Collections Management Policy;Community Outreach & Interpretation;Compliance Tracking Systems;Data Visualization;Esri Survey123;Heritage Economics & Valuation;Phase II Evaluation/Testing;QGIS;Section 106,"[""Collections Management Policy"", ""Community Outreach & Interpretation"", ""Compliance Tracking Systems"", ""Data Visualization"", ""Esri Survey123"", ""Heritage Economics & Valuation"", ""Phase II Evaluation/Testing"", ""QGIS"", ""Section 106""]",83988.0,102685.0,USD,https://example.com/demo/job/61,"Senior Project Manager at Preservation Strategy Studio. Key skills include Collections Management Policy, Community Outreach & Interpretation, Compliance Tracking Systems, Data Visualization, Esri Survey123. This is synthetic demo data.",-0.02
ACRA,Senior Architectural Historian,GeoCultural Analytics,"San Antonio, TX",San Antonio,TX,29.4241,-98.4936,2025-11-20,architectural-historian,senior,Deaccessioning Procedures;Historic Materials Conservation;PostgreSQL,"[""Deaccessioning Procedures"", ""Historic Materials Conservation"", ""PostgreSQL""]",85022.0,108878.0,USD,https://example.com/demo/job/62,"Senior Architectural Historian at GeoCultural Analytics. Key skills include Deaccessioning Procedures, Historic Materials Conservation, PostgreSQL. This is synthetic demo data.",0.353
ACRA,Senior Field Supervisor,Regional Heritage Associates,"Phoenix, AZ",Phoenix,AZ,33.4484,-112.074,2025-11-02,field-tech,senior,ArcGIS;MIDAS Heritage Standard;Masonry Conservation;NRHP Evaluation Criteria;Omeka S (Digital Exhibits);Proposal/Scope Writing (RFP/RFQ);SOI Professional Standards;Stakeholder Mapping,"[""ArcGIS"", ""MIDAS Heritage Standard"", ""Masonry Conservation"", ""NRHP Evaluation Criteria"", ""Omeka S (Digital Exhibits)"", ""Proposal/Scope Writing (RFP/RFQ)"", ""SOI Professional Standards"", ""Stakeholder Mapping""]",90396.0,105770.0,USD,https://example.com/demo/job/63,"Senior Field Supervisor at Regional Heritage Associates. Key skills include ArcGIS, MIDAS Heritage Standard, Masonry Conservation, NRHP Evaluation Criteria, Omeka S (Digital Exhibits). This is synthetic demo data.",0.245
AAA,Senior Project Manager,Frontier Cultural Resources,"Austin, TX",Austin,TX,30.2672,-97.7431,2025-12-29,pm/pi,senior,Accession Policy & Procedures;FME (Feature Manipulation Engine);Historic Tax Credit Applications;Section 106,"[""Accession Policy & Procedures"", ""FME (Feature Manipulation Engine)"", ""Historic Tax Credit Applications"", ""Section 106""]",76445.0,92812.0,USD,https://example.com/demo/job/64,"Senior Project Manager at Frontier Cultural Resources. Key skills include Accession Policy & Procedures, FME (Feature Manipulation Engine), Historic Tax Credit Applications, Section 106. This is synthetic demo data.",0.211
AAA,Field Supervisor,Sagebrush Archaeology,"Salt Lake City, UT",Salt Lake City,UT,40.7608,-111.891,2025-11-21,field-tech,lead/PI,Conservation Treatment Proposals;Disaster Risk Reduction & Response;Geoarchaeology;HBIM (Heritage Building Information Modeling);NEPA;Underwater/Maritime Survey,"[""Conservation Treatment Proposals"", ""Disaster Risk Reduction & Response"", ""Geoarchaeology"", ""HBIM (Heritage Building Information Modeling)"", ""NEPA"", ""Underwater/Maritime Survey""]",113768.0,132023.0,USD,https://example.com/demo/job/65,"Field Supervisor at Sagebrush Archaeology. Key skills include Conservation Treatment Proposals, Disaster Risk Reduction & Response, Geoarchaeology, HBIM (Heritage Building Information Modeling), NEPA. This is synthetic demo data.",-0.158
ACRA,Field Supervisor,Bay Area Preservation,"Sacramento, CA",Sacramento,CA,38.5816,-121.4944,2025-10-21,field-tech,mid,Mitigation Reporting & Closeout;Programmatic Agreements (PAs);Section 4(f) Evaluation,"[""Mitigation Reporting & Closeout"", ""Programmatic Agreements (PAs)"", ""Section 4(f) Evaluation""]",,,,https://example.com/demo/job/66,"Field Supervisor at Bay Area Preservation. Key skills include Mitigation Reporting & Closeout, Programmatic Agreements (PAs), Section 4(f) Evaluation. This is synthetic demo data.",-0.152
ACRA,Collections Specialist,Capitol Heritage Advisors,"Raleigh, NC",Raleigh,NC,35.7796,-78.6382,2025-10-27,lab/analyst,mid,Accessibility & ADA in Historic Settings;Digital Preservation (OAIS/BagIt);Digitization & Georeferencing;NAGPRA;NEPA;Technical Editing,"[""Accessibility & ADA in Historic Settings"", ""Digital Preservation (OAIS/BagIt)"", ""Digitization & Georeferencing"", ""NAGPRA"", ""NEPA"", ""Technical Editing""]",59259.0,75109.0,USD,https://example.com/demo/job/67,"Collections Specialist at Capitol Heritage Advisors. Key skills include Accessibility & ADA in Historic Settings, Digital Preservation (OAIS/BagIt), Digitization & Georeferencing, NAGPRA, NEPA. This is synthetic demo data.",0.263
AAA,Crew Chief,Great Lakes CRM,"Phoenix, AZ",Phoenix,AZ,33.4484,-112.074,2025-10-13,field-tech,mid,Bioarchaeology/Osteology;Community Outreach & Interpretation;NEPA;PostGIS;Quality Assurance / Quality Control;Section 106,"[""Bioarchaeology/Osteology"", ""Community Outreach & Interpretation"", ""NEPA"", ""PostGIS"", ""Quality Assurance / Quality Control"", ""Section 106""]",,,,https://example.com/demo/job/68,"Crew Chief at Great Lakes CRM. Key skills include Bioarchaeology/Osteology, Community Outreach & Interpretation, NEPA, PostGIS, Quality Assurance / Quality Control. This is synthetic demo data.",0.114
ACRA,Principal Investigator,High Plains Cultural Resources,"Boise, ID",Boise,ID,43.615,-116.2023,2025-12-31,pm/pi,entry,Conservation Management Plan;FME (Feature Manipulation Engine);NEPA;Paleoethnobotany/Archaeobotany;Programmatic Agreements (PAs);Section 4(f) DOT Act;Viewshed and Setting Analysis;Wilderness First Aid,"[""Conservation Management Plan"", ""FME (Feature Manipulation Engine)"", ""NEPA"", ""Paleoethnobotany/Archaeobotany"", ""Programmatic Agreements (PAs)"", ""Section 4(f) DOT Act"", ""Viewshed and Setting Analysis"", ""Wilderness First Aid""]",49847.0,60788.0,USD,https://example.com/demo/job/69,"Principal Investigator at High Plains Cultural Resources. Key skills include Conservation Management Plan, FME (Feature Manipulation Engine), NEPA, Paleoethnobotany/Archaeobotany, Programmatic Agreements (PAs). This is synthetic demo data.",0.143
AAA,Crew Chief,Sunbelt Heritage Solutions,"Austin, TX",Austin,TX,30.2672,-97.7431,2025-12-08,field-tech,entry,Architectural History;Collections Loan Management;Digital Preservation (OAIS/BagIt);Digitization & Georeferencing;NEPA;NRHP Determination of Eligibility;National Historic Preservation Act;Proposal/Scope Writing (RFP/RFQ),"[""Architectural History"", ""Collections Loan Management"", ""Digital Preservation (OAIS/BagIt)"", ""Digitization & Georeferencing"", ""NEPA"", ""NRHP Determination of Eligibility"", ""National Historic Preservation Act"", ""Proposal/Scope Writing (RFP/RFQ)""]",51787.0,60133.0,USD,https://example.com/demo/job/70,"Crew Chief at Sunbelt Heritage Solutions. Key skills include Architectural History, Collections Loan Management, Digital Preservation (OAIS/BagIt), Digitization & Georeferencing, NEPA. This is synthetic demo data.",-0.131
ACRA,Program Manager,Heritage Research Group,"Albuquerque, NM",Albuquerque,NM,35.0844,-106.6504,2025-11-21,pm/pi,mid,Co-Management Agreements;FAA Part 107 Remote Pilot;NEPA;Phase I Archaeological Survey;Terrestrial Laser Scanning (TLS),"[""Co-Management Agreements"", ""FAA Part 107 Remote Pilot"", ""NEPA"", ""Phase I Archaeological Survey"", ""Terrestrial Laser Scanning (TLS)""]",68984.0,81104.0,USD,https://example.com/demo/job/71,"Program Manager at Heritage Research Group. Key skills include Co-Management Agreements, FAA Part 107 Remote Pilot, NEPA, Phase I Archaeological Survey, Terrestrial Laser Scanning (TLS). This is synthetic demo data.",0.281
AAA,Field Technician,Cultural Resource Consultants,"San Antonio, TX",San Antonio,TX,29.4241,-98.4936,2025-12-15,field-tech,entry,AutoCAD (Drafting);Heritage Governance Models;Shovel Test Pits (STPs),"[""AutoCAD (Drafting)"", ""Heritage Governance Models"", ""Shovel Test Pits (STPs)""]",51115.0,55606.0,USD,https://example.com/demo/job/72,"Field Technician at Cultural Resource Consultants. Key skills include AutoCAD (Drafting), Heritage Governance Models, Shovel Test Pits (STPs). This is synthetic demo data.",0.269
ACRA,Project Manager,Western CRM Partners,"Minneapolis, MN",Minneapolis,MN,44.9778,-93.265,2025-11-21,pm/pi,senior,CIDOC CRM (Heritage Semantics);Ground Penetrating Radar;Long-Term Resource Monitoring Plan;Mitigation Reporting & Closeout;NEPA;PastPerfect CMS;Principal Investigator (PI);Program Evaluation (KPIs/Outcomes),"[""CIDOC CRM (Heritage Semantics)"", ""Ground Penetrating Radar"", ""Long-Term Resource Monitoring Plan"", ""Mitigation Reporting & Closeout"", ""NEPA"", ""PastPerfect CMS"", ""Principal Investigator (PI)"", ""Program Evaluation (KPIs/Outcomes)""]",75546.0,91282.0,USD,https://example.com/demo/job/73,"Project Manager at Western CRM Partners. Key skills include CIDOC CRM (Heritage Semantics), Ground Penetrating Radar, Long-Term Resource Monitoring Plan, Mitigation Reporting & Closeout, NEPA. This is synthetic demo data.",0.334
AAA,Project Manager,ArchaeoLab Services,"Washington, DC",Washington,DC,38.9072,-77.0369,2025-10-23,pm/pi,mid,ArcGIS Online;Cost Distance / Least-Cost Path;Dendrochronology;Emergency Preparedness (Collections/Sites);Oral History Methods;Post-Disaster Damage Assessment;Section 4(f) DOT Act,"[""ArcGIS Online"", ""Cost Distance / Least-Cost Path"", ""Dendrochronology"", ""Emergency Preparedness (Collections/Sites)"", ""Oral History Methods"", ""Post-Disaster Damage Assessment"", ""Section 4(f) DOT Act""]",,,,https://example.com/demo/job/74,"Project Manager at ArchaeoLab Services. Key skills include ArcGIS Online, Cost Distance / Least-Cost Path, Dendrochronology, Emergency Preparedness (Collections/Sites), Oral History Methods. This is synthetic demo data.",-0.151
ACRA,Zooarchaeology Analyst,Preservation Strategy Studio,"Phoenix, AZ",Phoenix,AZ,33.4484,-112.074,2025-10-24,lab/analyst,entry,Co-Management Agreements;Ground Penetrating Radar;HBIM (Heritage Building Information Modeling);OSHA HAZWOPER 40-hour;Preventive Conservation & Rehousing;Section 106;UAV Photogrammetry,"[""Co-Management Agreements"", ""Ground Penetrating Radar"", ""HBIM (Heritage Building Information Modeling)"", ""OSHA HAZWOPER 40-hour"", ""Preventive Conservation & Rehousing"", ""Section 106"", ""UAV Photogrammetry""]",51768.0,56463.0,USD,https://example.com/demo/job/75,"Zooarchaeology Analyst at Preservation Strategy Studio. Key skills include Co-Management Agreements, Ground Penetrating Radar, HBIM (Heritage Building Information Modeling), OSHA HAZWOPER 40-hour, Preventive Conservation & Rehousing. This is synthetic demo data.",0.328
AAA,Historic Preservation Specialist,GeoCultural Analytics,"Tucson, AZ",Tucson,AZ,32.2226,-110.9747,2025-12-19,architectural-historian,entry,California Environmental Quality Act;Conservation Treatment Proposals;Cost Distance / Least-Cost Path;Historic District Guidelines;NEPA;Phase II Evaluation/Testing;PostgreSQL;Resource Condition Assessment;Underwater/Maritime Survey,"[""California Environmental Quality Act"", ""Conservation Treatment Proposals"", ""Cost Distance / Least-Cost Path"", ""Historic District Guidelines"", ""NEPA"", ""Phase II Evaluation/Testing"", ""PostgreSQL"", ""Resource Condition Assessment"", ""Underwater/Maritime Survey""]",43816.0,50136.0,USD,https://example.com/demo/job/76,"Historic Preservation Specialist at GeoCultural Analytics. Key skills include California Environmental Quality Act, Conservation Treatment Proposals, Cost Distance / Least-Cost Path, Historic District Guidelines, NEPA. This is synthetic demo data.",0.169
ACRA,Zooarchaeology Analyst,Regional Heritage Associates,"Portland, OR",Portland,OR,45.5152,-122.6784,2025-11-29,lab/analyst,entry,Construction Compliance Monitoring;Curation Agreements;FME (Feature Manipulation Engine);LiDAR;Mitigation Reporting & Closeout;NEPA;Revit (BIM for Heritage);Soil Micromorphology,"[""Construction Compliance Monitoring"", ""Curation Agreements"", ""FME (Feature Manipulation Engine)"", ""LiDAR"", ""Mitigation Reporting & Closeout"", ""NEPA"", ""Revit (BIM for Heritage)"", ""Soil Micromorphology""]",43965.0,48028.0,USD,https://example.com/demo/job/77,"Zooarchaeology Analyst at Regional Heritage Associates. Key skills include Construction Compliance Monitoring, Curation Agreements, FME (Feature Manipulation Engine), LiDAR, Mitigation Reporting & Closeout. This is synthetic demo data.",-0.11
AAA,Architectural Historian,Frontier Cultural Resources,"Raleigh, NC",Raleigh,NC,35.7796,-78.6382,2025-11-27,architectural-historian,mid,Adobe Photoshop;Bioarchaeology/Osteology;Conservation Management Plan;Obsidian Sourcing/XRF;Site Recording & Forms;Transportation Resource Evaluation,"[""Adobe Photoshop"", ""Bioarchaeology/Osteology"", ""Conservation Management Plan"", ""Obsidian Sourcing/XRF"", ""Site Recording & Forms"", ""Transportation Resource Evaluation""]",73789.0,87415.0,USD,https://example.com/demo/job/78,"Architectural Historian at Frontier Cultural Resources. Key skills include Adobe Photoshop, Bioarchaeology/Osteology, Conservation Management Plan, Obsidian Sourcing/XRF, Site Recording & Forms. This is synthetic demo data.",-0.119
ACRA,Zooarchaeology Analyst,Sagebrush Archaeology,"Phoenix, AZ",Phoenix,AZ,33.4484,-112.074,2025-11-16,lab/analyst,senior,Grant Writing for Heritage Programs;NEPA;Plaster Conservation;Quality Assurance / Quality Control;Site Recording & Forms;Stakeholder Mapping,"[""Grant Writing for Heritage Programs"", ""NEPA"", ""Plaster Conservation"", ""Quality Assurance / Quality Control"", ""Site Recording & Forms"", ""Stakeholder Mapping""]",82167.0,104386.0,USD,https://example.com/demo/job/79,"Zooarchaeology Analyst at Sagebrush Archaeology. Key skills include Grant Writing for Heritage Programs, NEPA, Plaster Conservation, Quality Assurance / Quality Control, Site Recording & Forms. This is synthetic demo data.",-0.147
AAA,Historic Preservation Specialist,Bay Area Preservation,"Albuquerque, NM",Albuquerque,NM,35.0844,-106.6504,2025-12-24,architectural-historian,mid,BLM Archaeology Permit;Chance Find/Stop-Work Protocols;Community Outreach & Interpretation;Digital Preservation (OAIS/BagIt);Metal Conservation;Program Evaluation (KPIs/Outcomes);Section 106;Section 106 Finding of Effect;Stone Conservation,"[""BLM Archaeology Permit"", ""Chance Find/Stop-Work Protocols"", ""Community Outreach & Interpretation"", ""Digital Preservation (OAIS/BagIt)"", ""Metal Conservation"", ""Program Evaluation (KPIs/Outcomes)"", ""Section 106"", ""Section 106 Finding of Effect"", ""Stone Conservation""]",57469.0,67371.0,USD,https://example.com/demo/job/80,"Historic Preservation Specialist at Bay Area Preservation. Key skills include BLM Archaeology Permit, Chance Find/Stop-Work Protocols, Community Outreach & Interpretation, Digital Preservation (OAIS/BagIt), Metal Conservation. This is synthetic demo data.",0.125
ACRA,Senior Cultural Resources Planner,Capitol Heritage Advisors,"Washington, DC",Washington,DC,38.9072,-77.0369,2025-10-09,architectural-historian,lead/PI,Cultural Landscape Report (CLR);Digitization & Georeferencing;FME (Feature Manipulation Engine);Historic Structures Report (HSR);NEPA Class of Action;Underwater/Maritime Survey,"[""Cultural Landscape Report (CLR)"", ""Digitization & Georeferencing"", ""FME (Feature Manipulation Engine)"", ""Historic Structures Report (HSR)"", ""NEPA Class of Action"", ""Underwater/Maritime Survey""]",94862.0,120033.0,USD,https://example.com/demo/job/81,"Senior Cultural Resources Planner at Capitol Heritage Advisors. Key skills include Cultural Landscape Report (CLR), Digitization & Georeferencing, FME (Feature Manipulation Engine), Historic Structures Report (HSR), NEPA Class of Action. This is synthetic demo data.",0.058
AAA,Field Supervisor,Great Lakes CRM,"Portland, OR",Portland,OR,45.5152,-122.6784,2025-10-12,field-tech,entry,Adobe Photoshop;Archaeological Data Recovery Plan;NEPA;Obsidian Sourcing/XRF;Primavera P6;Project Management;Venice Charter Principles,"[""Adobe Photoshop"", ""Archaeological Data Recovery Plan"", ""NEPA"", ""Obsidian Sourcing/XRF"", ""Primavera P6"", ""Project Management"", ""Venice Charter Principles""]",,,,https://example.com/demo/job/82,"Field Supervisor at Great Lakes CRM. Key skills include Adobe Photoshop, Archaeological Data Recovery Plan, NEPA, Obsidian Sourcing/XRF, Primavera P6. This is synthetic demo data.",-0.128
ACRA,Lab Analyst,High Plains Cultural Resources,"Seattle, WA",Seattle,WA,47.6062,-122.3321,2025-11-17,lab/analyst,entry,CPR/First Aid;Total Station Survey;Viewshed and Setting Analysis;World Heritage Site Management,"[""CPR/First Aid"", ""Total Station Survey"", ""Viewshed and Setting Analysis"", ""World Heritage Site Management""]",46634.0,53807.0,USD,https://example.com/demo/job/83,"Lab Analyst at High Plains Cultural Resources. Key skills include CPR/First Aid, Total Station Survey, Viewshed and Setting Analysis, World Heritage Site Management. This is synthetic demo data.",0.352
AAA,Architectural Historian,Sunbelt Heritage Solutions,"Seattle, WA",Seattle,WA,47.6062,-122.3321,2025-11-18,architectural-historian,entry,BLM Archaeology Permit;Esri Collector;NEPA;SOI Treatment Standards (Preserve/Rehab/Restore/Reconstruct);Scientific Diving (AAUS);Section 4(f) DOT Act;State Environmental Policy Act;State Site Form & Records Submission,"[""BLM Archaeology Permit"", ""Esri Collector"", ""NEPA"", ""SOI Treatment Standards (Preserve/Rehab/Restore/Reconstruct)"", ""Scientific Diving (AAUS)"", ""Section 4(f) DOT Act"", ""State Environmental Policy Act"", ""State Site Form & Records Submission""]",,,,https://example.com/demo/job/84,"Architectural Historian at Sunbelt Heritage Solutions. Key skills include BLM Archaeology Permit, Esri Collector, NEPA, SOI Treatment Standards (Preserve/Rehab/Restore/Reconstruct), Scientific Diving (AAUS). This is synthetic demo data.",0.477
AAA,Crew Chief,Heritage Research Group,"Chicago, IL",Chicago,IL,41.8781,-87.6298,2025-12-09,field-tech,mid,Adobe Photoshop;Collections Loan Management;Mukurtu (Community Protocol CMS);Post-Disaster Damage Assessment;Programmatic Agreements (PAs);Remote Sensing Classification;SOI Professional Qualifications,"[""Adobe Photoshop"", ""Collections Loan Management"", ""Mukurtu (Community Protocol CMS)"", ""Post-Disaster Damage Assessment"", ""Programmatic Agreements (PAs)"", ""Remote Sensing Classification"", ""SOI Professional Qualifications""]",58062.0,75646.0,USD,https://example.com/demo/job/85,"Crew Chief at Heritage Research Group. Key skills include Adobe Photoshop, Collections Loan Management, Mukurtu (Community Protocol CMS), Post-Disaster Damage Assessment, Programmatic Agreements (PAs). This is synthetic demo data.",-0.187
ACRA,Artifact Analyst,Cultural Resource Consultants,"Portland, OR",Portland,OR,45.5152,-122.6784,2025-11-17,lab/analyst,mid,Archaeological Monitoring;Curation Agreements;Esri Survey123;Historic Materials Conservation;NEPA;PastPerfect CMS;Transportation Resource Evaluation,"[""Archaeological Monitoring"", ""Curation Agreements"", ""Esri Survey123"", ""Historic Materials Conservation"", ""NEPA"", ""PastPerfect CMS"", ""Transportation Resource Evaluation""]",,,,https://example.com/demo/job/86,"Artifact Analyst at Cultural Resource Consultants. Key skills include Archaeological Monitoring, Curation Agreements, Esri Survey123, Historic Materials Conservation, NEPA. This is synthetic demo data.",0.218
AAA,Collections Specialist,Western CRM Partners,"Salt Lake City, UT",Salt Lake City,UT,40.7608,-111.891,2025-11-13,lab/analyst,mid,DOIs/PIDs for Heritage Assets;Metal Conservation;OSHA HAZWOPER 40-hour;Paleoethnobotany/Archaeobotany;Phase I Archaeological Survey;State Environmental Policy Act;Total Station Survey;Underwater/Maritime Survey,"[""DOIs/PIDs for Heritage Assets"", ""Metal Conservation"", ""OSHA HAZWOPER 40-hour"", ""Paleoethnobotany/Archaeobotany"", ""Phase I Archaeological Survey"", ""State Environmental Policy Act"", ""Total Station Survey"", ""Underwater/Maritime Survey""]",69710.0,80543.0,USD,https://example.com/demo/job/87,"Collections Specialist at Western CRM Partners. Key skills include DOIs/PIDs for Heritage Assets, Metal Conservation, OSHA HAZWOPER 40-hour, Paleoethnobotany/Archaeobotany, Phase I Archaeological Survey. This is synthetic demo data.",0.433
ACRA,Program Manager,ArchaeoLab Services,"San Diego, CA",San Diego,CA,32.7157,-117.1611,2025-12-14,pm/pi,senior,BLM Archaeology Permit;Compliance Tracking Systems;FPIC (Free;Local Preservation Ordinances;NEPA;Phase III Data Recovery;Repatriation Policy & Procedures;Section 106,"[""BLM Archaeology Permit"", ""Compliance Tracking Systems"", ""FPIC (Free"", ""Local Preservation Ordinances"", ""NEPA"", ""Phase III Data Recovery"", ""Repatriation Policy & Procedures"", ""Section 106""]",93010.0,110883.0,USD,https://example.com/demo/job/88,"Program Manager at ArchaeoLab Services. Key skills include BLM Archaeology Permit, Compliance Tracking Systems, FPIC (Free, Local Preservation Ordinances, NEPA. This is synthetic demo data.",0.298
ACRA,Architectural Historian,Preservation Strategy Studio,"Atlanta, GA",Atlanta,GA,33.749,-84.388,2025-11-18,architectural-historian,entry,Archaeological Data Recovery Plan;Cost Distance / Least-Cost Path;Digital Preservation (OAIS/BagIt);NEPA;Site Management Plan,"[""Archaeological Data Recovery Plan"", ""Cost Distance / Least-Cost Path"", ""Digital Preservation (OAIS/BagIt)"", ""NEPA"", ""Site Management Plan""]",45637.0,56327.0,USD,https://example.com/demo/job/89,"Architectural Historian at Preservation Strategy Studio. Key skills include Archaeological Data Recovery Plan, Cost Distance / Least-Cost Path, Digital Preservation (OAIS/BagIt), NEPA, Site Management Plan. This is synthetic demo data.",0.09
AAA,Zooarchaeology Analyst,GeoCultural Analytics,"Chicago, IL",Chicago,IL,41.8781,-87.6298,2026-01-19,lab/analyst,senior,Dendrochronology;Heritage Policy Analysis;Historic Materials Conservation;MSHA Surface Miner;Magnetometry Survey,"[""Dendrochronology"", ""Heritage Policy Analysis"", ""Historic Materials Conservation"", ""MSHA Surface Miner"", ""Magnetometry Survey""]",76508.0,87135.0,USD,https://example.com/demo/job/90,"Zooarchaeology Analyst at GeoCultural Analytics. Key skills include Dendrochronology, Heritage Policy Analysis, Historic Materials Conservation, MSHA Surface Miner, Magnetometry Survey. This is synthetic demo data.",0.287
ACRA,Project Manager,Regional Heritage Associates,"Salt Lake City, UT",Salt Lake City,UT,40.7608,-111.891,2025-11-10,pm/pi,lead/PI,Conservation Treatment Proposals;Integrated Pest Management (IPM);Stone Conservation,"[""Conservation Treatment Proposals"", ""Integrated Pest Management (IPM)"", ""Stone Conservation""]",,,,https://example.com/demo/job/91,"Project Manager at Regional Heritage Associates. Key skills include Conservation Treatment Proposals, Integrated Pest Management (IPM), Stone Conservation. This is synthetic demo data.",0.011
AAA,Program Manager,Frontier Cultural Resources,"Tucson, AZ",Tucson,AZ,32.2226,-110.9747,2025-11-11,pm/pi,mid,Intangible Cultural Heritage Safeguarding;State Historic Record Systems (e.g.;Technical Editing,"[""Intangible Cultural Heritage Safeguarding"", ""State Historic Record Systems (e.g."", ""Technical Editing""]",73843.0,84806.0,USD,https://example.com/demo/job/92,"Program Manager at Frontier Cultural Resources. Key skills include Intangible Cultural Heritage Safeguarding, State Historic Record Systems (e.g., Technical Editing. This is synthetic demo data.",-0.199
AAA,Principal Investigator,Sagebrush Archaeology,"Boise, ID",Boise,ID,43.615,-116.2023,2025-11-21,pm/pi,mid,Digital Twins for Heritage Sites;Fundraising & Sponsorship (Heritage);Historic Structures Report (HSR);ICOMOS Ethical Guidelines;Long-Term Resource Monitoring Plan;SOI Professional Qualifications;Section 106;Venice Charter Principles;World Heritage Site Management,"[""Digital Twins for Heritage Sites"", ""Fundraising & Sponsorship (Heritage)"", ""Historic Structures Report (HSR)"", ""ICOMOS Ethical Guidelines"", ""Long-Term Resource Monitoring Plan"", ""SOI Professional Qualifications"", ""Section 106"", ""Venice Charter Principles"", ""World Heritage Site Management""]",56426.0,73840.0,USD,https://example.com/demo/job/93,"Principal Investigator at Sagebrush Archaeology. Key skills include Digital Twins for Heritage Sites, Fundraising & Sponsorship (Heritage), Historic Structures Report (HSR), ICOMOS Ethical Guidelines, Long-Term Resource Monitoring Plan. This is synthetic demo data.",0.323
AAA,Architectural Historian,Bay Area Preservation,"Boise, ID",Boise,ID,43.615,-116.2023,2026-01-19,architectural-historian,entry,Adobe InDesign (Reports);Native American Graves Protection and Repatriation Act;PostgreSQL;Program Evaluation (KPIs/Outcomes);Project Management;SQL;Section 106;Section 4(f) DOT Act;Structure-from-Motion Photogrammetry,"[""Adobe InDesign (Reports)"", ""Native American Graves Protection and Repatriation Act"", ""PostgreSQL"", ""Program Evaluation (KPIs/Outcomes)"", ""Project Management"", ""SQL"", ""Section 106"", ""Section 4(f) DOT Act"", ""Structure-from-Motion Photogrammetry""]",47546.0,58210.0,USD,https://example.com/demo/job/94,"Architectural Historian at Bay Area Preservation. Key skills include Adobe InDesign (Reports), Native American Graves Protection and Repatriation Act, PostgreSQL, Program Evaluation (KPIs/Outcomes), Project Management. This is synthetic demo data.",0.487
ACRA,Lab Analyst,Capitol Heritage Advisors,"San Antonio, TX",San Antonio,TX,29.4241,-98.4936,2026-01-09,lab/analyst,mid,Accessibility & ADA in Historic Settings;Compliance Tracking Systems;Conservation Management Plan;Esri Survey123;LiDAR Processing;Lithic Analysis;Obsidian Sourcing/XRF;Paleoethnobotany/Archaeobotany,"[""Accessibility & ADA in Historic Settings"", ""Compliance Tracking Systems"", ""Conservation Management Plan"", ""Esri Survey123"", ""LiDAR Processing"", ""Lithic Analysis"", ""Obsidian Sourcing/XRF"", ""Paleoethnobotany/Archaeobotany""]",72794.0,87550.0,USD,https://example.com/demo/job/95,"Lab Analyst at Capitol Heritage Advisors. Key skills include Accessibility & ADA in Historic Settings, Compliance Tracking Systems, Conservation Management Plan, Esri Survey123, LiDAR Processing. This is synthetic demo data.",0.0
AAA,Architectural Historian,Great Lakes CRM,"Tucson, AZ",Tucson,AZ,32.2226,-110.9747,2026-01-06,architectural-historian,senior,AutoCAD (Drafting);FAA Part 107 Remote Pilot;Public Interpretation & Education;State Site Form & Records Submission;Terrestrial Laser Scanning (TLS);Total Station Survey,"[""AutoCAD (Drafting)"", ""FAA Part 107 Remote Pilot"", ""Public Interpretation & Education"", ""State Site Form & Records Submission"", ""Terrestrial Laser Scanning (TLS)"", ""Total Station Survey""]",89015.0,103384.0,USD,https://example.com/demo/job/96,"Architectural Historian at Great Lakes CRM. Key skills include AutoCAD (Drafting), FAA Part 107 Remote Pilot, Public Interpretation & Education, State Site Form & Records Submission, Terrestrial Laser Scanning (TLS). This is synthetic demo data.",-0.145
AAA,Historic Preservation Specialist,High Plains Cultural Resources,"Boston, MA",Boston,MA,42.3601,-71.0589,2025-11-18,architectural-historian,mid,Budget & Cost Control (Preservation);QGIS;Section 106;Section 4(f) Evaluation,"[""Budget & Cost Control (Preservation)"", ""QGIS"", ""Section 106"", ""Section 4(f) Evaluation""]",68962.0,78692.0,USD,https://example.com/demo/job/97,"Historic Preservation Specialist at High Plains Cultural Resources. Key skills include Budget & Cost Control (Preservation), QGIS, Section 106, Section 4(f) Evaluation. This is synthetic demo data.",-0.17
AAA,Cultural Resources Planner,Sunbelt Heritage Solutions,"Boise, ID",Boise,ID,43.615,-116.2023,2025-12-21,architectural-historian,lead/PI,NRHP Evaluation Criteria;SOI Professional Qualifications;Transportation Resource Evaluation,"[""NRHP Evaluation Criteria"", ""SOI Professional Qualifications"", ""Transportation Resource Evaluation""]",,,,https://example.com/demo/job/98,"Cultural Resources Planner at Sunbelt Heritage Solutions. Key skills include NRHP Evaluation Criteria, SOI Professional Qualifications, Transportation Resource Evaluation. This is synthetic demo data.",-0.176
AAA,Historic Preservation Specialist,Heritage Research Group,"Denver, CO",Denver,CO,39.7392,-104.9903,2025-11-20,architectural-historian,mid,Archaeological Data Recovery Plan;BLM Archaeology Permit;Geoarchaeology;Microsoft Project;PastPerfect CMS;State Environmental Policy Act,"[""Archaeological Data Recovery Plan"", ""BLM Archaeology Permit"", ""Geoarchaeology"", ""Microsoft Project"", ""PastPerfect CMS"", ""State Environmental Policy Act""]",,,,https://example.com/demo/job/99,"Historic Preservation Specialist at Heritage Research Group. Key skills include Archaeological Data Recovery Plan, BLM Archaeology Permit, Geoarchaeology, Microsoft Project, PastPerfect CMS. This is synthetic demo data.",0.02
ACRA,Field Technician,Cultural Resource Consultants,"Sacramento, CA",Sacramento,CA,38.5816,-121.4944,2025-10-22,field-tech,mid,Accessibility & ADA in Historic Settings;Accessioning & Cataloging;ArcGIS;Built Environment Survey;Client/Stakeholder Management;Intangible Cultural Heritage Safeguarding;Public Interpretation & Education;Section 106;UNESCO World Heritage Nomination Process,"[""Accessibility & ADA in Historic Settings"", ""Accessioning & Cataloging"", ""ArcGIS"", ""Built Environment Survey"", ""Client/Stakeholder Management"", ""Intangible Cultural Heritage Safeguarding"", ""Public Interpretation & Education"", ""Section 106"", ""UNESCO World Heritage Nomination Process""]",,,,https://example.com/demo/job/100,"Field Technician at Cultural Resource Consultants. Key skills include Accessibility & ADA in Historic Settings, Accessioning & Cataloging, ArcGIS, Built Environment Survey, Client/Stakeholder Management. This is synthetic demo data.",0.116
ACRA,Cultural Resources Planner,Western CRM Partners,"Austin, TX",Austin,TX,30.2672,-97.7431,2025-12-25,architectural-historian,entry,Architectural History;CPR/First Aid;DEIA Practices in Heritage Work;Esri StoryMaps;NPS Preservation Briefs & Bulletins,"[""Architectural History"", ""CPR/First Aid"", ""DEIA Practices in Heritage Work"", ""Esri StoryMaps"", ""NPS Preservation Briefs & Bulletins""]",53662.0,63474.0,USD,https://example.com/demo/job/101,"Cultural Resources Planner at Western CRM Partners. Key skills include Architectural History, CPR/First Aid, DEIA Practices in Heritage Work, Esri StoryMaps, NPS Preservation Briefs & Bulletins. This is synthetic demo data.",0.356
ACRA,Archaeology Technician,ArchaeoLab Services,"Atlanta, GA",Atlanta,GA,33.749,-84.388,2025-10-16,field-tech,mid,Collections Conservation Planning;Digital Twins for Heritage Sites;Historic Tax Credit Applications;Metal Conservation,"[""Collections Conservation Planning"", ""Digital Twins for Heritage Sites"", ""Historic Tax Credit Applications"", ""Metal Conservation""]",73076.0,82202.0,USD,https://example.com/demo/job/102,"Archaeology Technician at ArchaeoLab Services. Key skills include Collections Conservation Planning, Digital Twins for Heritage Sites, Historic Tax Credit Applications, Metal Conservation. This is synthetic demo data.",0.017
ACRA,Senior Project Manager,Preservation Strategy Studio,"San Antonio, TX",San Antonio,TX,29.4241,-98.4936,2026-01-29,pm/pi,lead/PI,Archaeological Data Recovery Plan;Cultural Landscape Management;NEPA;NRHP Integrity Assessment;Programmatic Agreements (PAs);THPO Consultation,"[""Archaeological Data Recovery Plan"", ""Cultural Landscape Management"", ""NEPA"", ""NRHP Integrity Assessment"", ""Programmatic Agreements (PAs)"", ""THPO Consultation""]",101925.0,121153.0,USD,https://example.com/demo/job/103,"Senior Project Manager at Preservation Strategy Studio. Key skills include Archaeological Data Recovery Plan, Cultural Landscape Management, NEPA, NRHP Integrity Assessment, Programmatic Agreements (PAs). This is synthetic demo data.",0.382
AAA,Architectural Historian,GeoCultural Analytics,"Atlanta, GA",Atlanta,GA,33.749,-84.388,2025-12-25,architectural-historian,mid,CPR/First Aid;Historic Materials Conservation;PostGIS;Viewshed Analysis,"[""CPR/First Aid"", ""Historic Materials Conservation"", ""PostGIS"", ""Viewshed Analysis""]",64307.0,72599.0,USD,https://example.com/demo/job/104,"Architectural Historian at GeoCultural Analytics. Key skills include CPR/First Aid, Historic Materials Conservation, PostGIS, Viewshed Analysis. This is synthetic demo data.",-0.112
ACRA,Collections Specialist,Regional Heritage Associates,"Portland, OR",Portland,OR,45.5152,-122.6784,2025-10-15,lab/analyst,entry,BLM Archaeology Permit;National Historic Preservation Act;OSHA HAZWOPER 40-hour;Section 106;Section 4(f) DOT Act,"[""BLM Archaeology Permit"", ""National Historic Preservation Act"", ""OSHA HAZWOPER 40-hour"", ""Section 106"", ""Section 4(f) DOT Act""]",42674.0,53434.0,USD,https://example.com/demo/job/105,"Collections Specialist at Regional Heritage Associates. Key skills include BLM Archaeology Permit, National Historic Preservation Act, OSHA HAZWOPER 40-hour, Section 106, Section 4(f) DOT Act. This is synthetic demo data.",0.464
AAA,Zooarchaeology Analyst,Frontier Cultural Resources,"Washington, DC",Washington,DC,38.9072,-77.0369,2025-12-31,lab/analyst,senior,ICOMOS Ethical Guidelines;Intangible Cultural Heritage Safeguarding;Native American Graves Protection and Repatriation Act;Section 106,"[""ICOMOS Ethical Guidelines"", ""Intangible Cultural Heritage Safeguarding"", ""Native American Graves Protection and Repatriation Act"", ""Section 106""]",87825.0,101837.0,USD,https://example.com/demo/job/106,"Zooarchaeology Analyst at Frontier Cultural Resources. Key skills include ICOMOS Ethical Guidelines, Intangible Cultural Heritage Safeguarding, Native American Graves Protection and Repatriation Act, Section 106. This is synthetic demo data.",0.008
ACRA,Zooarchaeology Analyst,Sagebrush Archaeology,"Denver, CO",Denver,CO,39.7392,-104.9903,2025-11-25,lab/analyst,entry,California Environmental Quality Act;Conservation Plan;Construction Compliance Monitoring;Deaccessioning Procedures;HIA (Heritage Impact Assessment);Section 106;UAV Photogrammetry,"[""California Environmental Quality Act"", ""Conservation Plan"", ""Construction Compliance Monitoring"", ""Deaccessioning Procedures"", ""HIA (Heritage Impact Assessment)"", ""Section 106"", ""UAV Photogrammetry""]",54029.0,65080.0,USD,https://example.com/demo/job/107,"Zooarchaeology Analyst at Sagebrush Archaeology. Key skills include California Environmental Quality Act, Conservation Plan, Construction Compliance Monitoring, Deaccessioning Procedures, HIA (Heritage Impact Assessment). This is synthetic demo data.",0.332
ACRA,Architectural Historian,Bay Area Preservation,"Atlanta, GA",Atlanta,GA,33.749,-84.388,2026-01-23,architectural-historian,entry,ArcGIS Online;Archaeological Data Recovery Plan;Collections Environmental Monitoring;Deaccessioning Procedures;Heritage Governance Models;Preventive Conservation;Section 106,"[""ArcGIS Online"", ""Archaeological Data Recovery Plan"", ""Collections Environmental Monitoring"", ""Deaccessioning Procedures"", ""Heritage Governance Models"", ""Preventive Conservation"", ""Section 106""]",,,,https://example.com/demo/job/108,"Architectural Historian at Bay Area Preservation. Key skills include ArcGIS Online, Archaeological Data Recovery Plan, Collections Environmental Monitoring, Deaccessioning Procedures, Heritage Governance Models. This is synthetic demo data.",0.369
AAA,Senior Collections Specialist,Capitol Heritage Advisors,"Washington, DC",Washington,DC,38.9072,-77.0369,2025-11-10,lab/analyst,senior,Ceramic Analysis;Cultural Landscape Inventory;Cultural Landscape Management;GDAL/OGR;Heritage Economics & Valuation;Intangible Cultural Heritage Safeguarding;Long-Term Resource Monitoring Plan;NEPA,"[""Ceramic Analysis"", ""Cultural Landscape Inventory"", ""Cultural Landscape Management"", ""GDAL/OGR"", ""Heritage Economics & Valuation"", ""Intangible Cultural Heritage Safeguarding"", ""Long-Term Resource Monitoring Plan"", ""NEPA""]",,,,https://example.com/demo/job/109,"Senior Collections Specialist at Capitol Heritage Advisors. Key skills include Ceramic Analysis, Cultural Landscape Inventory, Cultural Landscape Management, GDAL/OGR, Heritage Economics & Valuation. This is synthetic demo data.",0.218
AAA,Senior Field Technician,Great Lakes CRM,"San Antonio, TX",San Antonio,TX,29.4241,-98.4936,2025-10-14,field-tech,senior,DOIs/PIDs for Heritage Assets;Historic District Survey;Paleoethnobotany/Archaeobotany;R;Wilderness First Aid,"[""DOIs/PIDs for Heritage Assets"", ""Historic District Survey"", ""Paleoethnobotany/Archaeobotany"", ""R"", ""Wilderness First Aid""]",78378.0,94317.0,USD,https://example.com/demo/job/110,"Senior Field Technician at Great Lakes CRM. Key skills include DOIs/PIDs for Heritage Assets, Historic District Survey, Paleoethnobotany/Archaeobotany, R, Wilderness First Aid. This is synthetic demo data.",0.153
AAA,Archaeology Technician,High Plains Cultural Resources,"Raleigh, NC",Raleigh,NC,35.7796,-78.6382,2025-10-22,field-tech,senior,Budgeting & Scheduling;DOIs/PIDs for Heritage Assets;Deaccessioning Procedures;MIDAS Heritage Standard;PostgreSQL;Section 106;Terrestrial Laser Scanning (TLS),"[""Budgeting & Scheduling"", ""DOIs/PIDs for Heritage Assets"", ""Deaccessioning Procedures"", ""MIDAS Heritage Standard"", ""PostgreSQL"", ""Section 106"", ""Terrestrial Laser Scanning (TLS)""]",,,,https://example.com/demo/job/111,"Archaeology Technician at High Plains Cultural Resources. Key skills include Budgeting & Scheduling, DOIs/PIDs for Heritage Assets, Deaccessioning Procedures, MIDAS Heritage Standard, PostgreSQL. This is synthetic demo data.",0.363
AAA,Senior Collections Specialist,Sunbelt Heritage Solutions,"Atlanta, GA",Atlanta,GA,33.749,-84.388,2025-11-12,lab/analyst,lead/PI,Adobe Photoshop;Cultural Landscape Inventory;File/Enterprise Geodatabase;HABS/HAER/HALS Documentation;Magnetometry Survey;Repatriation Policy & Procedures;Risk Management;Section 106,"[""Adobe Photoshop"", ""Cultural Landscape Inventory"", ""File/Enterprise Geodatabase"", ""HABS/HAER/HALS Documentation"", ""Magnetometry Survey"", ""Repatriation Policy & Procedures"", ""Risk Management"", ""Section 106""]",124887.0,155938.0,USD,https://example.com/demo/job/112,"Senior Collections Specialist at Sunbelt Heritage Solutions. Key skills include Adobe Photoshop, Cultural Landscape Inventory, File/Enterprise Geodatabase, HABS/HAER/HALS Documentation, Magnetometry Survey. This is synthetic demo data.",0.371
AAA,Senior Field Supervisor,Heritage Research Group,"Boise, ID",Boise,ID,43.615,-116.2023,2025-12-11,field-tech,senior,Accessibility & ADA in Historic Settings;ArcGIS;Collections Conservation Planning;Design Review for Historic Properties;Disaster Risk Reduction & Response;NEPA;NEPA Class of Action;Section 110 (NHPA);Technical Editing,"[""Accessibility & ADA in Historic Settings"", ""ArcGIS"", ""Collections Conservation Planning"", ""Design Review for Historic Properties"", ""Disaster Risk Reduction & Response"", ""NEPA"", ""NEPA Class of Action"", ""Section 110 (NHPA)"", ""Technical Editing""]",73682.0,93242.0,USD,https://example.com/demo/job/113,"Senior Field Supervisor at Heritage Research Group. Key skills include Accessibility & ADA in Historic Settings, ArcGIS, Collections Conservation Planning, Design Review for Historic Properties, Disaster Risk Reduction & Response. This is synthetic demo data.",-0.097
AAA,Archaeology Technician,Cultural Resource Consultants,"Los Angeles, CA",Los Angeles,CA,34.0522,-118.2437,2026-01-30,field-tech,entry,LiDAR Processing;Phase III Data Recovery;Section 106;Total Station Survey,"[""LiDAR Processing"", ""Phase III Data Recovery"", ""Section 106"", ""Total Station Survey""]",48723.0,56833.0,USD,https://example.com/demo/job/114,"Archaeology Technician at Cultural Resource Consultants. Key skills include LiDAR Processing, Phase III Data Recovery, Section 106, Total Station Survey. This is synthetic demo data.",0.411
AAA,Artifact Analyst,Western CRM Partners,"Tucson, AZ",Tucson,AZ,32.2226,-110.9747,2025-11-05,lab/analyst,mid,Burra Charter Principles;Community Outreach & Interpretation;Conservation Management Plan;Heritage Management Plan;LiDAR Processing;Mukurtu (Community Protocol CMS);UAV Photogrammetry;World Heritage Site Management,"[""Burra Charter Principles"", ""Community Outreach & Interpretation"", ""Conservation Management Plan"", ""Heritage Management Plan"", ""LiDAR Processing"", ""Mukurtu (Community Protocol CMS)"", ""UAV Photogrammetry"", ""World Heritage Site Management""]",63662.0,80657.0,USD,https://example.com/demo/job/115,"Artifact Analyst at Western CRM Partners. Key skills include Burra Charter Principles, Community Outreach & Interpretation, Conservation Management Plan, Heritage Management Plan, LiDAR Processing. This is synthetic demo data.",0.191
AAA,Senior Cultural Resources Planner,ArchaeoLab Services,"Los Angeles, CA",Los Angeles,CA,34.0522,-118.2437,2026-01-17,architectural-historian,senior,Arches Heritage Inventory Platform;Client/Stakeholder Management;Digitization & Georeferencing;Esri Field Maps;Heritage Management Plan;Historic Preservation Plan;Magnetometry Survey;OSHA HAZWOPER 40-hour;Section 106,"[""Arches Heritage Inventory Platform"", ""Client/Stakeholder Management"", ""Digitization & Georeferencing"", ""Esri Field Maps"", ""Heritage Management Plan"", ""Historic Preservation Plan"", ""Magnetometry Survey"", ""OSHA HAZWOPER 40-hour"", ""Section 106""]",84441.0,109117.0,USD,https://example.com/demo/job/116,"Senior Cultural Resources Planner at ArchaeoLab Services. Key skills include Arches Heritage Inventory Platform, Client/Stakeholder Management, Digitization & Georeferencing, Esri Field Maps, Heritage Management Plan. This is synthetic demo data.",0.468
AAA,Crew Chief,Preservation Strategy Studio,"Salt Lake City, UT",Salt Lake City,UT,40.7608,-111.891,2026-02-01,field-tech,senior,Section 106;Section 110 (NHPA);Underwater/Maritime Survey;Viewshed Analysis,"[""Section 106"", ""Section 110 (NHPA)"", ""Underwater/Maritime Survey"", ""Viewshed Analysis""]",78621.0,102186.0,USD,https://example.com/demo/job/117,"Crew Chief at Preservation Strategy Studio. Key skills include Section 106, Section 110 (NHPA), Underwater/Maritime Survey, Viewshed Analysis. This is synthetic demo data.",-0.104
ACRA,Lab Analyst,GeoCultural Analytics,"Boston, MA",Boston,MA,42.3601,-71.0589,2026-01-31,lab/analyst,mid,FPIC (Free;Heritage Policy Analysis;Historic Materials Conservation;Masonry Conservation;NEPA;NRHP Evaluation Criteria;Phase I Archaeological Survey;Remote Sensing Classification;Residue/Use-Wear Analysis,"[""FPIC (Free"", ""Heritage Policy Analysis"", ""Historic Materials Conservation"", ""Masonry Conservation"", ""NEPA"", ""NRHP Evaluation Criteria"", ""Phase I Archaeological Survey"", ""Remote Sensing Classification"", ""Residue/Use-Wear Analysis""]",59504.0,66588.0,USD,https://example.com/demo/job/118,"Lab Analyst at GeoCultural Analytics. Key skills include FPIC (Free, Heritage Policy Analysis, Historic Materials Conservation, Masonry Conservation, NEPA. This is synthetic demo data.",0.085
ACRA,Senior Artifact Analyst,Regional Heritage Associates,"San Antonio, TX",San Antonio,TX,29.4241,-98.4936,2025-10-27,lab/analyst,lead/PI,Adobe Photoshop;Burra Charter Principles;Grant Writing for Heritage Programs;Masonry Conservation;Primavera P6;Revit (BIM for Heritage);Section 106 Regulations (36 CFR 800);Zooarchaeology (Faunal Analysis),"[""Adobe Photoshop"", ""Burra Charter Principles"", ""Grant Writing for Heritage Programs"", ""Masonry Conservation"", ""Primavera P6"", ""Revit (BIM for Heritage)"", ""Section 106 Regulations (36 CFR 800)"", ""Zooarchaeology (Faunal Analysis)""]",101473.0,130166.0,USD,https://example.com/demo/job/119,"Senior Artifact Analyst at Regional Heritage Associates. Key skills include Adobe Photoshop, Burra Charter Principles, Grant Writing for Heritage Programs, Masonry Conservation, Primavera P6. This is synthetic demo data.",0.498
AAA,Artifact Analyst,Frontier Cultural Resources,"Chicago, IL",Chicago,IL,41.8781,-87.6298,2025-12-13,lab/analyst,lead/PI,BLM Archaeology Permit;File/Enterprise Geodatabase;Microsoft Project;Section 106,"[""BLM Archaeology Permit"", ""File/Enterprise Geodatabase"", ""Microsoft Project"", ""Section 106""]",108649.0,138537.0,USD,https://example.com/demo/job/120,"Artifact Analyst at Frontier Cultural Resources. Key skills include BLM Archaeology Permit, File/Enterprise Geodatabase, Microsoft Project, Section 106. This is synthetic demo data.",0.422
ACRA,Architectural Historian,Sagebrush Archaeology,"Salt Lake City, UT",Salt Lake City,UT,40.7608,-111.891,2026-01-09,architectural-historian,lead/PI,Adobe Illustrator;Conservation Management Plan;NEPA;Repatriation Policy & Procedures;Section 106 Finding of Effect;Stone Conservation,"[""Adobe Illustrator"", ""Conservation Management Plan"", ""NEPA"", ""Repatriation Policy & Procedures"", ""Section 106 Finding of Effect"", ""Stone Conservation""]",112092.0,136759.0,USD,https://example.com/demo/job/121,"Architectural Historian at Sagebrush Archaeology. Key skills include Adobe Illustrator, Conservation Management Plan, NEPA, Repatriation Policy & Procedures, Section 106 Finding of Effect. This is synthetic demo data.",-0.077
AAA,Senior Architectural Historian,Bay Area Preservation,"Chicago, IL",Chicago,IL,41.8781,-87.6298,2026-01-09,architectural-historian,lead/PI,Curation Agreements;Heritage Management Plan;NEPA;Public Interpretation & Education;Section 106,"[""Curation Agreements"", ""Heritage Management Plan"", ""NEPA"", ""Public Interpretation & Education"", ""Section 106""]",,,,https://example.com/demo/job/122,"Senior Architectural Historian at Bay Area Preservation. Key skills include Curation Agreements, Heritage Management Plan, NEPA, Public Interpretation & Education, Section 106. This is synthetic demo data.",0.468
AAA,Cultural Resources Planner,Capitol Heritage Advisors,"Portland, OR",Portland,OR,45.5152,-122.6784,2026-01-26,architectural-historian,entry,Accessioning & Cataloging;Emergency Preparedness (Collections/Sites);Metal Conservation;NEPA;SHPO Consultation;Zooarchaeology (Faunal Analysis),"[""Accessioning & Cataloging"", ""Emergency Preparedness (Collections/Sites)"", ""Metal Conservation"", ""NEPA"", ""SHPO Consultation"", ""Zooarchaeology (Faunal Analysis)""]",53240.0,61356.0,USD,https://example.com/demo/job/123,"Cultural Resources Planner at Capitol Heritage Advisors. Key skills include Accessioning & Cataloging, Emergency Preparedness (Collections/Sites), Metal Conservation, NEPA, SHPO Consultation. This is synthetic demo data.",0.283
ACRA,Collections Specialist,Great Lakes CRM,"Portland, OR",Portland,OR,45.5152,-122.6784,2026-01-18,lab/analyst,senior,California Environmental Quality Act;Co-Management Agreements;Data Visualization;MIDAS Heritage Standard;PastPerfect CMS;Phase II Evaluation/Testing,"[""California Environmental Quality Act"", ""Co-Management Agreements"", ""Data Visualization"", ""MIDAS Heritage Standard"", ""PastPerfect CMS"", ""Phase II Evaluation/Testing""]",96816.0,115622.0,USD,https://example.com/demo/job/124,"Collections Specialist at Great Lakes CRM. Key skills include California Environmental Quality Act, Co-Management Agreements, Data Visualization, MIDAS Heritage Standard, PastPerfect CMS. This is synthetic demo data.",0.333
AAA,Project Director,High Plains Cultural Resources,"Boston, MA",Boston,MA,42.3601,-71.0589,2025-10-26,pm/pi,entry,Crew Chief / Field Director;State Historic Record Systems (e.g.;Zooarchaeology (Faunal Analysis),"[""Crew Chief / Field Director"", ""State Historic Record Systems (e.g."", ""Zooarchaeology (Faunal Analysis)""]",45312.0,54003.0,USD,https://example.com/demo/job/125,"Project Director at High Plains Cultural Resources. Key skills include Crew Chief / Field Director, State Historic Record Systems (e.g., Zooarchaeology (Faunal Analysis). This is synthetic demo data.",0.398
AAA,Zooarchaeology Analyst,Sunbelt Heritage Solutions,"Austin, TX",Austin,TX,30.2672,-97.7431,2025-12-03,lab/analyst,entry,Adaptive Reuse Planning;Mitigation Planning & Implementation;Soil Micromorphology,"[""Adaptive Reuse Planning"", ""Mitigation Planning & Implementation"", ""Soil Micromorphology""]",,,,https://example.com/demo/job/126,"Zooarchaeology Analyst at Sunbelt Heritage Solutions. Key skills include Adaptive Reuse Planning, Mitigation Planning & Implementation, Soil Micromorphology. This is synthetic demo data.",0.306
ACRA,Senior Archaeology Technician,Heritage Research Group,"Chicago, IL",Chicago,IL,41.8781,-87.6298,2025-11-26,field-tech,senior,Post-Disaster Damage Assessment;Resource Condition Assessment;Section 106;Viewshed Analysis,"[""Post-Disaster Damage Assessment"", ""Resource Condition Assessment"", ""Section 106"", ""Viewshed Analysis""]",,,,https://example.com/demo/job/127,"Senior Archaeology Technician at Heritage Research Group. Key skills include Post-Disaster Damage Assessment, Resource Condition Assessment, Section 106, Viewshed Analysis. This is synthetic demo data.",0.338
ACRA,Program Manager,Cultural Resource Consultants,"Minneapolis, MN",Minneapolis,MN,44.9778,-93.265,2025-10-21,pm/pi,senior,Budget & Cost Control (Preservation);Collections Metadata (Dublin Core/PREMIS);DEIA Practices in Heritage Work;Mukurtu (Community Protocol CMS);NEPA;Section 4(f) Evaluation;THPO Consultation,"[""Budget & Cost Control (Preservation)"", ""Collections Metadata (Dublin Core/PREMIS)"", ""DEIA Practices in Heritage Work"", ""Mukurtu (Community Protocol CMS)"", ""NEPA"", ""Section 4(f) Evaluation"", ""THPO Consultation""]",77848.0,96650.0,USD,https://example.com/demo/job/128,"Program Manager at Cultural Resource Consultants. Key skills include Budget & Cost Control (Preservation), Collections Metadata (Dublin Core/PREMIS), DEIA Practices in Heritage Work, Mukurtu (Community Protocol CMS), NEPA. This is synthetic demo data.",0.384
AAA,Senior Program Manager,Western CRM Partners,"Phoenix, AZ",Phoenix,AZ,33.4484,-112.074,2026-01-16,pm/pi,senior,Conservation Management Plan;PastPerfect CMS;Preventive Conservation;Section 106;Viewshed Analysis,"[""Conservation Management Plan"", ""PastPerfect CMS"", ""Preventive Conservation"", ""Section 106"", ""Viewshed Analysis""]",,,,https://example.com/demo/job/129,"Senior Program Manager at Western CRM Partners. Key skills include Conservation Management Plan, PastPerfect CMS, Preventive Conservation, Section 106, Viewshed Analysis. This is synthetic demo data.",0.23
AAA,Lab Analyst,ArchaeoLab Services,"Phoenix, AZ",Phoenix,AZ,33.4484,-112.074,2025-11-25,lab/analyst,mid,Adaptive Reuse Planning;Geoarchaeology;Technical Editing,"[""Adaptive Reuse Planning"", ""Geoarchaeology"", ""Technical Editing""]",56595.0,67604.0,USD,https://example.com/demo/job/130,"Lab Analyst at ArchaeoLab Services. Key skills include Adaptive Reuse Planning, Geoarchaeology, Technical Editing. This is synthetic demo data.",-0.036
ACRA,Artifact Analyst,Preservation Strategy Studio,"San Diego, CA",San Diego,CA,32.7157,-117.1611,2025-12-28,lab/analyst,entry,Adobe Illustrator;Archaeological Resources Protection Act;Magnetometry Survey;Principal Investigator (PI),"[""Adobe Illustrator"", ""Archaeological Resources Protection Act"", ""Magnetometry Survey"", ""Principal Investigator (PI)""]",45881.0,52353.0,USD,https://example.com/demo/job/131,"Artifact Analyst at Preservation Strategy Studio. Key skills include Adobe Illustrator, Archaeological Resources Protection Act, Magnetometry Survey, Principal Investigator (PI). This is synthetic demo data.",0.089
AAA,Zooarchaeology Analyst,GeoCultural Analytics,"Sacramento, CA",Sacramento,CA,38.5816,-121.4944,2026-01-09,lab/analyst,entry,Historic Tax Credit Applications;Omeka S (Digital Exhibits);Programmatic Agreements (PAs);Radiocarbon Sampling/Interpretation;SOI Professional Qualifications;Section 106;Viewshed Analysis;World Heritage Site Management,"[""Historic Tax Credit Applications"", ""Omeka S (Digital Exhibits)"", ""Programmatic Agreements (PAs)"", ""Radiocarbon Sampling/Interpretation"", ""SOI Professional Qualifications"", ""Section 106"", ""Viewshed Analysis"", ""World Heritage Site Management""]",44444.0,50900.0,USD,https://example.com/demo/job/132,"Zooarchaeology Analyst at GeoCultural Analytics. Key skills include Historic Tax Credit Applications, Omeka S (Digital Exhibits), Programmatic Agreements (PAs), Radiocarbon Sampling/Interpretation, SOI Professional Qualifications. This is synthetic demo data.",-0.031
ACRA,Zooarchaeology Analyst,Regional Heritage Associates,"Los Angeles, CA",Los Angeles,CA,34.0522,-118.2437,2025-10-16,lab/analyst,senior,Budgeting & Scheduling;Built Environment Survey;Collections Metadata (Dublin Core/PREMIS);FPIC (Free;NEPA;Phase I Archaeological Survey;Phase II Evaluation/Testing;Plaster Conservation;Section 106,"[""Budgeting & Scheduling"", ""Built Environment Survey"", ""Collections Metadata (Dublin Core/PREMIS)"", ""FPIC (Free"", ""NEPA"", ""Phase I Archaeological Survey"", ""Phase II Evaluation/Testing"", ""Plaster Conservation"", ""Section 106""]",74590.0,91959.0,USD,https://example.com/demo/job/133,"Zooarchaeology Analyst at Regional Heritage Associates. Key skills include Budgeting & Scheduling, Built Environment Survey, Collections Metadata (Dublin Core/PREMIS), FPIC (Free, NEPA. This is synthetic demo data.",-0.164
ACRA,Archaeology Technician,Frontier Cultural Resources,"Chicago, IL",Chicago,IL,41.8781,-87.6298,2026-01-07,field-tech,entry,Client/Stakeholder Management;Conservation Treatment Proposals;Contract Deliverables Management;Heritage Management Plan;SOI Professional Qualifications;Scientific Diving (AAUS);Section 106;Structure-from-Motion Photogrammetry,"[""Client/Stakeholder Management"", ""Conservation Treatment Proposals"", ""Contract Deliverables Management"", ""Heritage Management Plan"", ""SOI Professional Qualifications"", ""Scientific Diving (AAUS)"", ""Section 106"", ""Structure-from-Motion Photogrammetry""]",,,,https://example.com/demo/job/134,"Archaeology Technician at Frontier Cultural Resources. Key skills include Client/Stakeholder Management, Conservation Treatment Proposals, Contract Deliverables Management, Heritage Management Plan, SOI Professional Qualifications. This is synthetic demo data.",0.323
AAA,Zooarchaeology Analyst,Sagebrush Archaeology,"San Antonio, TX",San Antonio,TX,29.4241,-98.4936,2025-12-09,lab/analyst,mid,Accessibility & ADA in Historic Settings;Esri Collector;PostGIS;Venice Charter Principles,"[""Accessibility & ADA in Historic Settings"", ""Esri Collector"", ""PostGIS"", ""Venice Charter Principles""]",66772.0,78825.0,USD,https://example.com/demo/job/135,"Zooarchaeology Analyst at Sagebrush Archaeology. Key skills include Accessibility & ADA in Historic Settings, Esri Collector, PostGIS, Venice Charter Principles. This is synthetic demo data.",0.126
ACRA,Senior Artifact Analyst,Bay Area Preservation,"San Antonio, TX",San Antonio,TX,29.4241,-98.4936,2025-11-11,lab/analyst,senior,Adobe Photoshop;Crew Chief / Field Director;Emergency Stabilization (Historic Fabric);NEPA;Section 106,"[""Adobe Photoshop"", ""Crew Chief / Field Director"", ""Emergency Stabilization (Historic Fabric)"", ""NEPA"", ""Section 106""]",91137.0,110625.0,USD,https://example.com/demo/job/136,"Senior Artifact Analyst at Bay Area Preservation. Key skills include Adobe Photoshop, Crew Chief / Field Director, Emergency Stabilization (Historic Fabric), NEPA, Section 106. This is synthetic demo data.",-0.063
ACRA,Senior Zooarchaeology Analyst,Capitol Heritage Advisors,"Los Angeles, CA",Los Angeles,CA,34.0522,-118.2437,2025-12-06,lab/analyst,lead/PI,Adobe Photoshop;Conservation Management Plan;Historic Preservation Plan;Programmatic Agreements (PAs);R;Scientific Diving (AAUS);Section 106;Stone Conservation;Terrestrial Laser Scanning (TLS),"[""Adobe Photoshop"", ""Conservation Management Plan"", ""Historic Preservation Plan"", ""Programmatic Agreements (PAs)"", ""R"", ""Scientific Diving (AAUS)"", ""Section 106"", ""Stone Conservation"", ""Terrestrial Laser Scanning (TLS)""]",101092.0,120678.0,USD,https://example.com/demo/job/137,"Senior Zooarchaeology Analyst at Capitol Heritage Advisors. Key skills include Adobe Photoshop, Conservation Management Plan, Historic Preservation Plan, Programmatic Agreements (PAs), R. This is synthetic demo data.",0.442
AAA,Field Technician,Great Lakes CRM,"Raleigh, NC",Raleigh,NC,35.7796,-78.6382,2025-12-23,field-tech,entry,Curation Agreements;Historic Structures Report (HSR);LiDAR;Masonry Conservation;NEPA;NEPA Class of Action;Phase I Archaeological Survey;R;Radiocarbon Sampling/Interpretation,"[""Curation Agreements"", ""Historic Structures Report (HSR)"", ""LiDAR"", ""Masonry Conservation"", ""NEPA"", ""NEPA Class of Action"", ""Phase I Archaeological Survey"", ""R"", ""Radiocarbon Sampling/Interpretation""]",50285.0,58020.0,USD,https://example.com/demo/job/138,"Field Technician at Great Lakes CRM. Key skills include Curation Agreements, Historic Structures Report (HSR), LiDAR, Masonry Conservation, NEPA. This is synthetic demo data.",0.261
ACRA,Project Manager,High Plains Cultural Resources,"Phoenix, AZ",Phoenix,AZ,33.4484,-112.074,2025-11-29,pm/pi,entry,Digitization & Georeferencing;FPIC (Free;NEPA;OSHA HAZWOPER 40-hour,"[""Digitization & Georeferencing"", ""FPIC (Free"", ""NEPA"", ""OSHA HAZWOPER 40-hour""]",50228.0,60889.0,USD,https://example.com/demo/job/139,"Project Manager at High Plains Cultural Resources. Key skills include Digitization & Georeferencing, FPIC (Free, NEPA, OSHA HAZWOPER 40-hour. This is synthetic demo data.",-0.125
ACRA,Collections Specialist,Sunbelt Heritage Solutions,"Albuquerque, NM",Albuquerque,NM,35.0844,-106.6504,2026-01-18,lab/analyst,mid,ArcGIS Online;Budget & Cost Control (Preservation);CIDOC CRM (Heritage Semantics);Drone (UAV) Mapping;MIDAS Heritage Standard;SOI Treatment Standards (Preserve/Rehab/Restore/Reconstruct);World Heritage Site Management,"[""ArcGIS Online"", ""Budget & Cost Control (Preservation)"", ""CIDOC CRM (Heritage Semantics)"", ""Drone (UAV) Mapping"", ""MIDAS Heritage Standard"", ""SOI Treatment Standards (Preserve/Rehab/Restore/Reconstruct)"", ""World Heritage Site Management""]",62969.0,73669.0,USD,https://example.com/demo/job/140,"Collections Specialist at Sunbelt Heritage Solutions. Key skills include ArcGIS Online, Budget & Cost Control (Preservation), CIDOC CRM (Heritage Semantics), Drone (UAV) Mapping, MIDAS Heritage Standard. This is synthetic demo data.",0.258
ACRA,Program Manager,Heritage Research Group,"Tucson, AZ",Tucson,AZ,32.2226,-110.9747,2025-12-16,pm/pi,entry,Design Review for Historic Properties;NRHP Evaluation Criteria;Post-Disaster Damage Assessment;Section 106;Soil Micromorphology;Venice Charter Principles,"[""Design Review for Historic Properties"", ""NRHP Evaluation Criteria"", ""Post-Disaster Damage Assessment"", ""Section 106"", ""Soil Micromorphology"", ""Venice Charter Principles""]",49109.0,58392.0,USD,https://example.com/demo/job/141,"Program Manager at Heritage Research Group. Key skills include Design Review for Historic Properties, NRHP Evaluation Criteria, Post-Disaster Damage Assessment, Section 106, Soil Micromorphology. This is synthetic demo data.",0.426
ACRA,Zooarchaeology Analyst,Cultural Resource Consultants,"Tucson, AZ",Tucson,AZ,32.2226,-110.9747,2025-12-19,lab/analyst,mid,Climate Adaptation for Heritage;Electrical Resistivity;ICOMOS Ethical Guidelines;NEPA;Paleoethnobotany/Archaeobotany;Transportation Resource Evaluation,"[""Climate Adaptation for Heritage"", ""Electrical Resistivity"", ""ICOMOS Ethical Guidelines"", ""NEPA"", ""Paleoethnobotany/Archaeobotany"", ""Transportation Resource Evaluation""]",65305.0,72561.0,USD,https://example.com/demo/job/142,"Zooarchaeology Analyst at Cultural Resource Consultants. Key skills include Climate Adaptation for Heritage, Electrical Resistivity, ICOMOS Ethical Guidelines, NEPA, Paleoethnobotany/Archaeobotany. This is synthetic demo data.",0.327
AAA,Architectural Historian,Western CRM Partners,"Chicago, IL",Chicago,IL,41.8781,-87.6298,2026-01-08,architectural-historian,entry,Built Environment Survey;DEIA Practices in Heritage Work;Microsoft Project;Mortar Analysis & Repointing;NEPA;Remote Sensing Classification;State Environmental Policy Act;State Site Form & Records Submission,"[""Built Environment Survey"", ""DEIA Practices in Heritage Work"", ""Microsoft Project"", ""Mortar Analysis & Repointing"", ""NEPA"", ""Remote Sensing Classification"", ""State Environmental Policy Act"", ""State Site Form & Records Submission""]",,,,https://example.com/demo/job/143,"Architectural Historian at Western CRM Partners. Key skills include Built Environment Survey, DEIA Practices in Heritage Work, Microsoft Project, Mortar Analysis & Repointing, NEPA. This is synthetic demo data.",-0.162
AAA,Crew Chief,ArchaeoLab Services,"Minneapolis, MN",Minneapolis,MN,44.9778,-93.265,2025-12-14,field-tech,mid,Accessibility & ADA in Historic Settings;Dendrochronology;Drone (UAV) Mapping;HABS/HAER/HALS Documentation;QGIS;Revit (BIM for Heritage);Technical Editing,"[""Accessibility & ADA in Historic Settings"", ""Dendrochronology"", ""Drone (UAV) Mapping"", ""HABS/HAER/HALS Documentation"", ""QGIS"", ""Revit (BIM for Heritage)"", ""Technical Editing""]",,,,https://example.com/demo/job/144,"Crew Chief at ArchaeoLab Services. Key skills include Accessibility & ADA in Historic Settings, Dendrochronology, Drone (UAV) Mapping, HABS/HAER/HALS Documentation, QGIS. This is synthetic demo data.",0.102
AAA,Crew Chief,Preservation Strategy Studio,"Washington, DC",Washington,DC,38.9072,-77.0369,2025-11-30,field-tech,lead/PI,Adobe Photoshop;ArcGIS Online;Fundraising & Sponsorship (Heritage);MSHA Surface Miner;NRHP Determination of Eligibility;NRHP Integrity Assessment;Omeka S (Digital Exhibits);PastPerfect CMS,"[""Adobe Photoshop"", ""ArcGIS Online"", ""Fundraising & Sponsorship (Heritage)"", ""MSHA Surface Miner"", ""NRHP Determination of Eligibility"", ""NRHP Integrity Assessment"", ""Omeka S (Digital Exhibits)"", ""PastPerfect CMS""]",95997.0,111167.0,USD,https://example.com/demo/job/145,"Crew Chief at Preservation Strategy Studio. Key skills include Adobe Photoshop, ArcGIS Online, Fundraising & Sponsorship (Heritage), MSHA Surface Miner, NRHP Determination of Eligibility. This is synthetic demo data.",0.333
AAA,Archaeology Technician,GeoCultural Analytics,"Albuquerque, NM",Albuquerque,NM,35.0844,-106.6504,2026-01-23,field-tech,mid,Adaptive Reuse Planning;Budgeting & Scheduling;Collections Conservation Planning;Pedestrian Survey;Program Evaluation (KPIs/Outcomes);Section 106;Site Management Plan,"[""Adaptive Reuse Planning"", ""Budgeting & Scheduling"", ""Collections Conservation Planning"", ""Pedestrian Survey"", ""Program Evaluation (KPIs/Outcomes)"", ""Section 106"", ""Site Management Plan""]",74560.0,91358.0,USD,https://example.com/demo/job/146,"Archaeology Technician at GeoCultural Analytics. Key skills include Adaptive Reuse Planning, Budgeting & Scheduling, Collections Conservation Planning, Pedestrian Survey, Program Evaluation (KPIs/Outcomes). This is synthetic demo data.",-0.191
AAA,Senior Archaeology Technician,Regional Heritage Associates,"Minneapolis, MN",Minneapolis,MN,44.9778,-93.265,2025-11-09,field-tech,lead/PI,Climate Adaptation for Heritage;Curation Agreements;NEPA;Omeka S (Digital Exhibits);Section 106;The Museum System (TMS),"[""Climate Adaptation for Heritage"", ""Curation Agreements"", ""NEPA"", ""Omeka S (Digital Exhibits)"", ""Section 106"", ""The Museum System (TMS)""]",,,,https://example.com/demo/job/147,"Senior Archaeology Technician at Regional Heritage Associates. Key skills include Climate Adaptation for Heritage, Curation Agreements, NEPA, Omeka S (Digital Exhibits), Section 106. This is synthetic demo data.",0.01
AAA,Architectural Historian,Frontier Cultural Resources,"Denver, CO",Denver,CO,39.7392,-104.9903,2026-01-15,architectural-historian,senior,Chance Find/Stop-Work Protocols;Collections Metadata (Dublin Core/PREMIS);Conservation Management Plan;HABS/HAER/HALS Documentation;Section 106;Stakeholder Mapping;Technical Editing,"[""Chance Find/Stop-Work Protocols"", ""Collections Metadata (Dublin Core/PREMIS)"", ""Conservation Management Plan"", ""HABS/HAER/HALS Documentation"", ""Section 106"", ""Stakeholder Mapping"", ""Technical Editing""]",82886.0,106674.0,USD,https://example.com/demo/job/148,"Architectural Historian at Frontier Cultural Resources. Key skills include Chance Find/Stop-Work Protocols, Collections Metadata (Dublin Core/PREMIS), Conservation Management Plan, HABS/HAER/HALS Documentation, Section 106. This is synthetic demo data.",0.108
AAA,Historic Preservation Specialist,Sagebrush Archaeology,"Minneapolis, MN",Minneapolis,MN,44.9778,-93.265,2025-11-15,architectural-historian,mid,Compliance Tracking Systems;Drone (UAV) Mapping;Emergency Preparedness (Collections/Sites);Ethnographic Research Methods;Heritage Management Plan;LiDAR Processing;Magnetometry Survey;Section 106,"[""Compliance Tracking Systems"", ""Drone (UAV) Mapping"", ""Emergency Preparedness (Collections/Sites)"", ""Ethnographic Research Methods"", ""Heritage Management Plan"", ""LiDAR Processing"", ""Magnetometry Survey"", ""Section 106""]",71089.0,87524.0,USD,https://example.com/demo/job/149,"Historic Preservation Specialist at Sagebrush Archaeology. Key skills include Compliance Tracking Systems, Drone (UAV) Mapping, Emergency Preparedness (Collections/Sites), Ethnographic Research Methods, Heritage Management Plan. This is synthetic demo data.",-0.004
AAA,Senior Archaeology Technician,Bay Area Preservation,"Chicago, IL",Chicago,IL,41.8781,-87.6298,2026-01-17,field-tech,senior,Collections Conservation Planning;Conservation Plan;NEPA;NPS Preservation Briefs & Bulletins;Oral History Methods;Revit (BIM for Heritage);THPO Consultation;Wilderness First Aid,"[""Collections Conservation Planning"", ""Conservation Plan"", ""NEPA"", ""NPS Preservation Briefs & Bulletins"", ""Oral History Methods"", ""Revit (BIM for Heritage)"", ""THPO Consultation"", ""Wilderness First Aid""]",81546.0,105165.0,USD,https://example.com/demo/job/150,"Senior Archaeology Technician at Bay Area Preservation. Key skills include Collections Conservation Planning, Conservation Plan, NEPA, NPS Preservation Briefs & Bulletins, Oral History Methods. This is synthetic demo data.",0.271
AAA,Artifact Analyst,Capitol Heritage Advisors,"Salt Lake City, UT",Salt Lake City,UT,40.7608,-111.891,2026-01-14,lab/analyst,senior,Adaptive Reuse Planning;Archaeological Resources Protection Act;FAA Part 107 Remote Pilot;Heritage Management Plan;Mukurtu (Community Protocol CMS);NRHP Integrity Assessment;Proposal/Scope Writing (RFP/RFQ);Resource Condition Assessment,"[""Adaptive Reuse Planning"", ""Archaeological Resources Protection Act"", ""FAA Part 107 Remote Pilot"", ""Heritage Management Plan"", ""Mukurtu (Community Protocol CMS)"", ""NRHP Integrity Assessment"", ""Proposal/Scope Writing (RFP/RFQ)"", ""Resource Condition Assessment""]",94665.0,111518.0,USD,https://example.com/demo/job/151,"Artifact Analyst at Capitol Heritage Advisors. Key skills include Adaptive Reuse Planning, Archaeological Resources Protection Act, FAA Part 107 Remote Pilot, Heritage Management Plan, Mukurtu (Community Protocol CMS). This is synthetic demo data.",0.291
ACRA,Archaeology Technician,Great Lakes CRM,"Raleigh, NC",Raleigh,NC,35.7796,-78.6382,2025-10-18,field-tech,entry,CIDOC CRM (Heritage Semantics);Collections Curation (36 CFR 79);Crew Chief / Field Director;Paleoethnobotany/Archaeobotany;Repository Standards & Agreements;SHPO Consultation;Section 106 Finding of Effect;State Environmental Policy Act,"[""CIDOC CRM (Heritage Semantics)"", ""Collections Curation (36 CFR 79)"", ""Crew Chief / Field Director"", ""Paleoethnobotany/Archaeobotany"", ""Repository Standards & Agreements"", ""SHPO Consultation"", ""Section 106 Finding of Effect"", ""State Environmental Policy Act""]",47432.0,59343.0,USD,https://example.com/demo/job/152,"Archaeology Technician at Great Lakes CRM. Key skills include CIDOC CRM (Heritage Semantics), Collections Curation (36 CFR 79), Crew Chief / Field Director, Paleoethnobotany/Archaeobotany, Repository Standards & Agreements. This is synthetic demo data.",-0.131
ACRA,Project Director,High Plains Cultural Resources,"Los Angeles, CA",Los Angeles,CA,34.0522,-118.2437,2026-01-30,pm/pi,mid,Conservation Plan;Disaster Risk Reduction & Response;Local Preservation Ordinances;Quality Assurance / Quality Control;SQL;Section 106;State Environmental Policy Act,"[""Conservation Plan"", ""Disaster Risk Reduction & Response"", ""Local Preservation Ordinances"", ""Quality Assurance / Quality Control"", ""SQL"", ""Section 106"", ""State Environmental Policy Act""]",70819.0,79531.0,USD,https://example.com/demo/job/153,"Project Director at High Plains Cultural Resources. Key skills include Conservation Plan, Disaster Risk Reduction & Response, Local Preservation Ordinances, Quality Assurance / Quality Control, SQL. This is synthetic demo data.",-0.119
ACRA,Senior Historic Preservation Specialist,Sunbelt Heritage Solutions,"Salt Lake City, UT",Salt Lake City,UT,40.7608,-111.891,2025-10-10,architectural-historian,senior,Arches Heritage Inventory Platform;Design Review for Historic Properties;HIA (Heritage Impact Assessment);Section 106;Viewshed and Setting Analysis,"[""Arches Heritage Inventory Platform"", ""Design Review for Historic Properties"", ""HIA (Heritage Impact Assessment)"", ""Section 106"", ""Viewshed and Setting Analysis""]",,,,https://example.com/demo/job/154,"Senior Historic Preservation Specialist at Sunbelt Heritage Solutions. Key skills include Arches Heritage Inventory Platform, Design Review for Historic Properties, HIA (Heritage Impact Assessment), Section 106, Viewshed and Setting Analysis. This is synthetic demo data.",-0.184
AAA,Collections Specialist,Heritage Research Group,"Seattle, WA",Seattle,WA,47.6062,-122.3321,2025-11-29,lab/analyst,entry,Client/Stakeholder Management;Community Outreach & Interpretation;Conservation Plan;Preventive Conservation & Rehousing;RTK GNSS Survey;Remote Sensing Classification;Section 106;Venice Charter Principles,"[""Client/Stakeholder Management"", ""Community Outreach & Interpretation"", ""Conservation Plan"", ""Preventive Conservation & Rehousing"", ""RTK GNSS Survey"", ""Remote Sensing Classification"", ""Section 106"", ""Venice Charter Principles""]",45022.0,50548.0,USD,https://example.com/demo/job/155,"Collections Specialist at Heritage Research Group. Key skills include Client/Stakeholder Management, Community Outreach & Interpretation, Conservation Plan, Preventive Conservation & Rehousing, RTK GNSS Survey. This is synthetic demo data.",-0.18
ACRA,Program Manager,Cultural Resource Consultants,"Boston, MA",Boston,MA,42.3601,-71.0589,2025-12-12,pm/pi,mid,Construction Compliance Monitoring;Electrical Resistivity;FileMaker Pro;LiDAR;Mitigation Reporting & Closeout;Security Planning for Heritage Assets,"[""Construction Compliance Monitoring"", ""Electrical Resistivity"", ""FileMaker Pro"", ""LiDAR"", ""Mitigation Reporting & Closeout"", ""Security Planning for Heritage Assets""]",73918.0,82585.0,USD,https://example.com/demo/job/156,"Program Manager at Cultural Resource Consultants. Key skills include Construction Compliance Monitoring, Electrical Resistivity, FileMaker Pro, LiDAR, Mitigation Reporting & Closeout. This is synthetic demo data.",0.056
AAA,Crew Chief,Western CRM Partners,"San Diego, CA",San Diego,CA,32.7157,-117.1611,2026-01-17,field-tech,lead/PI,Built Environment Survey;Collections Curation (36 CFR 79);FPIC (Free;LiDAR Processing;NEPA;NRHP Evaluation Criteria;Technical Editing,"[""Built Environment Survey"", ""Collections Curation (36 CFR 79)"", ""FPIC (Free"", ""LiDAR Processing"", ""NEPA"", ""NRHP Evaluation Criteria"", ""Technical Editing""]",113067.0,143070.0,USD,https://example.com/demo/job/157,"Crew Chief at Western CRM Partners. Key skills include Built Environment Survey, Collections Curation (36 CFR 79), FPIC (Free, LiDAR Processing, NEPA. This is synthetic demo data.",0.443
AAA,Artifact Analyst,ArchaeoLab Services,"Washington, DC",Washington,DC,38.9072,-77.0369,2025-10-22,lab/analyst,entry,Accession Policy & Procedures;GDAL/OGR;Mortar Analysis & Repointing;Section 106,"[""Accession Policy & Procedures"", ""GDAL/OGR"", ""Mortar Analysis & Repointing"", ""Section 106""]",50369.0,57551.0,USD,https://example.com/demo/job/158,"Artifact Analyst at ArchaeoLab Services. Key skills include Accession Policy & Procedures, GDAL/OGR, Mortar Analysis & Repointing, Section 106. This is synthetic demo data.",0.096
AAA,Zooarchaeology Analyst,Preservation Strategy Studio,"San Antonio, TX",San Antonio,TX,29.4241,-98.4936,2026-01-17,lab/analyst,mid,Archaeological Data Recovery Plan;Curation Agreements;LiDAR Processing;MOA (Section 106 Resolution);Public Interpretation & Education;Section 106,"[""Archaeological Data Recovery Plan"", ""Curation Agreements"", ""LiDAR Processing"", ""MOA (Section 106 Resolution)"", ""Public Interpretation & Education"", ""Section 106""]",,,,https://example.com/demo/job/159,"Zooarchaeology Analyst at Preservation Strategy Studio. Key skills include Archaeological Data Recovery Plan, Curation Agreements, LiDAR Processing, MOA (Section 106 Resolution), Public Interpretation & Education. This is synthetic demo data.",0.475
AAA,Senior Program Manager,GeoCultural Analytics,"Atlanta, GA",Atlanta,GA,33.749,-84.388,2026-01-12,pm/pi,lead/PI,Crew Chief / Field Director;Dendrochronology;Fundraising & Sponsorship (Heritage);Historic Preservation Plan;NEPA;Python;Repository Standards & Agreements;Section 106,"[""Crew Chief / Field Director"", ""Dendrochronology"", ""Fundraising & Sponsorship (Heritage)"", ""Historic Preservation Plan"", ""NEPA"", ""Python"", ""Repository Standards & Agreements"", ""Section 106""]",104735.0,137351.0,USD,https://example.com/demo/job/160,"Senior Program Manager at GeoCultural Analytics. Key skills include Crew Chief / Field Director, Dendrochronology, Fundraising & Sponsorship (Heritage), Historic Preservation Plan, NEPA. This is synthetic demo data.",0.196
ACRA,Crew Chief,Regional Heritage Associates,"San Antonio, TX",San Antonio,TX,29.4241,-98.4936,2026-01-09,field-tech,entry,DEIA Practices in Heritage Work;DOIs/PIDs for Heritage Assets;OSHA HAZWOPER 40-hour;Obsidian Sourcing/XRF;PostgreSQL;Python;Total Station Survey,"[""DEIA Practices in Heritage Work"", ""DOIs/PIDs for Heritage Assets"", ""OSHA HAZWOPER 40-hour"", ""Obsidian Sourcing/XRF"", ""PostgreSQL"", ""Python"", ""Total Station Survey""]",43677.0,53706.0,USD,https://example.com/demo/job/161,"Crew Chief at Regional Heritage Associates. Key skills include DEIA Practices in Heritage Work, DOIs/PIDs for Heritage Assets, OSHA HAZWOPER 40-hour, Obsidian Sourcing/XRF, PostgreSQL. This is synthetic demo data.",0.008
ACRA,Historic Preservation Specialist,Frontier Cultural Resources,"Tucson, AZ",Tucson,AZ,32.2226,-110.9747,2025-10-26,architectural-historian,lead/PI,Accessibility & ADA in Historic Settings;Accessioning & Cataloging;NEPA;Total Station Survey,"[""Accessibility & ADA in Historic Settings"", ""Accessioning & Cataloging"", ""NEPA"", ""Total Station Survey""]",112978.0,147975.0,USD,https://example.com/demo/job/162,"Historic Preservation Specialist at Frontier Cultural Resources. Key skills include Accessibility & ADA in Historic Settings, Accessioning & Cataloging, NEPA, Total Station Survey. This is synthetic demo data.",0.349
ACRA,Cultural Resources Planner,Sagebrush Archaeology,"San Diego, CA",San Diego,CA,32.7157,-117.1611,2025-10-17,architectural-historian,entry,Cultural Sensitivity Training;PostGIS;Section 106;Security Planning for Heritage Assets;Technical Editing;The Museum System (TMS),"[""Cultural Sensitivity Training"", ""PostGIS"", ""Section 106"", ""Security Planning for Heritage Assets"", ""Technical Editing"", ""The Museum System (TMS)""]",50428.0,61802.0,USD,https://example.com/demo/job/163,"Cultural Resources Planner at Sagebrush Archaeology. Key skills include Cultural Sensitivity Training, PostGIS, Section 106, Security Planning for Heritage Assets, Technical Editing. This is synthetic demo data.",0.474
ACRA,Cultural Resources Planner,Bay Area Preservation,"Minneapolis, MN",Minneapolis,MN,44.9778,-93.265,2025-12-06,architectural-historian,entry,Collections Management Policy;Digital Preservation (OAIS/BagIt);Post-Disaster Damage Assessment;Preventive Conservation,"[""Collections Management Policy"", ""Digital Preservation (OAIS/BagIt)"", ""Post-Disaster Damage Assessment"", ""Preventive Conservation""]",54475.0,65385.0,USD,https://example.com/demo/job/164,"Cultural Resources Planner at Bay Area Preservation. Key skills include Collections Management Policy, Digital Preservation (OAIS/BagIt), Post-Disaster Damage Assessment, Preventive Conservation. This is synthetic demo data.",0.204
ACRA,Senior Program Manager,Capitol Heritage Advisors,"Sacramento, CA",Sacramento,CA,38.5816,-121.4944,2025-11-15,pm/pi,lead/PI,Data Visualization;Historic District Survey;Section 106;Site Management Plan,"[""Data Visualization"", ""Historic District Survey"", ""Section 106"", ""Site Management Plan""]",114187.0,144086.0,USD,https://example.com/demo/job/165,"Senior Program Manager at Capitol Heritage Advisors. Key skills include Data Visualization, Historic District Survey, Section 106, Site Management Plan. This is synthetic demo data.",0.408
AAA,Architectural Historian,Great Lakes CRM,"Denver, CO",Denver,CO,39.7392,-104.9903,2026-01-13,architectural-historian,lead/PI,ArcGIS Online;Conservation Treatment Proposals;Historic Tax Credit Applications;Mitigation Reporting & Closeout;NEPA;PostGIS;RTK GNSS Survey,"[""ArcGIS Online"", ""Conservation Treatment Proposals"", ""Historic Tax Credit Applications"", ""Mitigation Reporting & Closeout"", ""NEPA"", ""PostGIS"", ""RTK GNSS Survey""]",98558.0,132109.0,USD,https://example.com/demo/job/166,"Architectural Historian at Great Lakes CRM. Key skills include ArcGIS Online, Conservation Treatment Proposals, Historic Tax Credit Applications, Mitigation Reporting & Closeout, NEPA. This is synthetic demo data.",0.426
ACRA,Field Supervisor,High Plains Cultural Resources,"Tucson, AZ",Tucson,AZ,32.2226,-110.9747,2026-01-29,field-tech,entry,Collections Environmental Monitoring;Preventive Conservation & Rehousing;Total Station Survey,"[""Collections Environmental Monitoring"", ""Preventive Conservation & Rehousing"", ""Total Station Survey""]",49009.0,54666.0,USD,https://example.com/demo/job/167,"Field Supervisor at High Plains Cultural Resources. Key skills include Collections Environmental Monitoring, Preventive Conservation & Rehousing, Total Station Survey. This is synthetic demo data.",0.418
ACRA,Architectural Historian,Sunbelt Heritage Solutions,"Portland, OR",Portland,OR,45.5152,-122.6784,2026-01-03,architectural-historian,mid,Digital Twins for Heritage Sites;Fundraising & Sponsorship (Heritage);MIDAS Heritage Standard;NEPA;Repository Standards & Agreements;Residue/Use-Wear Analysis;SHPO Consultation;SOI Treatment Standards (Preserve/Rehab/Restore/Reconstruct);Section 106 Regulations (36 CFR 800),"[""Digital Twins for Heritage Sites"", ""Fundraising & Sponsorship (Heritage)"", ""MIDAS Heritage Standard"", ""NEPA"", ""Repository Standards & Agreements"", ""Residue/Use-Wear Analysis"", ""SHPO Consultation"", ""SOI Treatment Standards (Preserve/Rehab/Restore/Reconstruct)"", ""Section 106 Regulations (36 CFR 800)""]",62672.0,76704.0,USD,https://example.com/demo/job/168,"Architectural Historian at Sunbelt Heritage Solutions. Key skills include Digital Twins for Heritage Sites, Fundraising & Sponsorship (Heritage), MIDAS Heritage Standard, NEPA, Repository Standards & Agreements. This is synthetic demo data.",-0.199
ACRA,Collections Specialist,Heritage Research Group,"San Antonio, TX",San Antonio,TX,29.4241,-98.4936,2026-01-16,lab/analyst,entry,Accessioning & Cataloging;Heritage Risk Assessment;Resource Condition Assessment;Section 106;THPO Consultation;UAV Photogrammetry;Underwater/Maritime Survey,"[""Accessioning & Cataloging"", ""Heritage Risk Assessment"", ""Resource Condition Assessment"", ""Section 106"", ""THPO Consultation"", ""UAV Photogrammetry"", ""Underwater/Maritime Survey""]",,,,https://example.com/demo/job/169,"Collections Specialist at Heritage Research Group. Key skills include Accessioning & Cataloging, Heritage Risk Assessment, Resource Condition Assessment, Section 106, THPO Consultation. This is synthetic demo data.",-0.128
ACRA,Zooarchaeology Analyst,Cultural Resource Consultants,"Boise, ID",Boise,ID,43.615,-116.2023,2026-01-05,lab/analyst,senior,Deaccessioning Procedures;Historic Structures Report (HSR);NEPA;Programmatic Agreements (PAs);State Environmental Policy Act,"[""Deaccessioning Procedures"", ""Historic Structures Report (HSR)"", ""NEPA"", ""Programmatic Agreements (PAs)"", ""State Environmental Policy Act""]",93299.0,105987.0,USD,https://example.com/demo/job/170,"Zooarchaeology Analyst at Cultural Resource Consultants. Key skills include Deaccessioning Procedures, Historic Structures Report (HSR), NEPA, Programmatic Agreements (PAs), State Environmental Policy Act. This is synthetic demo data.",0.24
AAA,Senior Principal Investigator,Western CRM Partners,"Salt Lake City, UT",Salt Lake City,UT,40.7608,-111.891,2025-11-05,pm/pi,lead/PI,Collections Environmental Monitoring;Curation Agreements;FileMaker Pro,"[""Collections Environmental Monitoring"", ""Curation Agreements"", ""FileMaker Pro""]",118140.0,143445.0,USD,https://example.com/demo/job/171,"Senior Principal Investigator at Western CRM Partners. Key skills include Collections Environmental Monitoring, Curation Agreements, FileMaker Pro. This is synthetic demo data.",0.251
AAA,Senior Crew Chief,ArchaeoLab Services,"Los Angeles, CA",Los Angeles,CA,34.0522,-118.2437,2025-11-04,field-tech,senior,Cultural Landscape Inventory;Data Visualization;Esri Survey123;Mitigation Planning & Implementation;Residue/Use-Wear Analysis;Section 106 Finding of Effect;Tribal Consultation & Engagement,"[""Cultural Landscape Inventory"", ""Data Visualization"", ""Esri Survey123"", ""Mitigation Planning & Implementation"", ""Residue/Use-Wear Analysis"", ""Section 106 Finding of Effect"", ""Tribal Consultation & Engagement""]",79842.0,97950.0,USD,https://example.com/demo/job/172,"Senior Crew Chief at ArchaeoLab Services. Key skills include Cultural Landscape Inventory, Data Visualization, Esri Survey123, Mitigation Planning & Implementation, Residue/Use-Wear Analysis. This is synthetic demo data.",0.247
ACRA,Historic Preservation Specialist,Preservation Strategy Studio,"Denver, CO",Denver,CO,39.7392,-104.9903,2025-10-14,architectural-historian,entry,Built Environment Survey;DOIs/PIDs for Heritage Assets;Microsoft Project;NEPA;Phase III Data Recovery,"[""Built Environment Survey"", ""DOIs/PIDs for Heritage Assets"", ""Microsoft Project"", ""NEPA"", ""Phase III Data Recovery""]",49717.0,61535.0,USD,https://example.com/demo/job/173,"Historic Preservation Specialist at Preservation Strategy Studio. Key skills include Built Environment Survey, DOIs/PIDs for Heritage Assets, Microsoft Project, NEPA, Phase III Data Recovery. This is synthetic demo data.",0.211
ACRA,Lab Analyst,GeoCultural Analytics,"Phoenix, AZ",Phoenix,AZ,33.4484,-112.074,2025-12-22,lab/analyst,senior,Esri Field Maps;Local Preservation Ordinances;Long-Term Resource Monitoring Plan;MSHA Surface Miner;Native American Graves Protection and Repatriation Act;Revit (BIM for Heritage),"[""Esri Field Maps"", ""Local Preservation Ordinances"", ""Long-Term Resource Monitoring Plan"", ""MSHA Surface Miner"", ""Native American Graves Protection and Repatriation Act"", ""Revit (BIM for Heritage)""]",74700.0,95194.0,USD,https://example.com/demo/job/174,"Lab Analyst at GeoCultural Analytics. Key skills include Esri Field Maps, Local Preservation Ordinances, Long-Term Resource Monitoring Plan, MSHA Surface Miner, Native American Graves Protection and Repatriation Act. This is synthetic demo data.",-0.006
ACRA,Collections Specialist,Regional Heritage Associates,"Portland, OR",Portland,OR,45.5152,-122.6784,2025-11-04,lab/analyst,entry,Cultural Landscape Inventory;NEPA;NRHP Determination of Eligibility;QGIS;Quality Assurance / Quality Control;R;Section 106 Regulations (36 CFR 800);THPO Consultation,"[""Cultural Landscape Inventory"", ""NEPA"", ""NRHP Determination of Eligibility"", ""QGIS"", ""Quality Assurance / Quality Control"", ""R"", ""Section 106 Regulations (36 CFR 800)"", ""THPO Consultation""]",49167.0,59146.0,USD,https://example.com/demo/job/175,"Collections Specialist at Regional Heritage Associates. Key skills include Cultural Landscape Inventory, NEPA, NRHP Determination of Eligibility, QGIS, Quality Assurance / Quality Control. This is synthetic demo data.",-0.029
AAA,Project Manager,Frontier Cultural Resources,"Minneapolis, MN",Minneapolis,MN,44.9778,-93.265,2025-11-18,pm/pi,entry,Accessioning & Cataloging;Adobe Photoshop;Community Outreach & Interpretation;NEPA;SHPO Consultation;Section 106;Section 4(f) DOT Act,"[""Accessioning & Cataloging"", ""Adobe Photoshop"", ""Community Outreach & Interpretation"", ""NEPA"", ""SHPO Consultation"", ""Section 106"", ""Section 4(f) DOT Act""]",42185.0,47527.0,USD,https://example.com/demo/job/176,"Project Manager at Frontier Cultural Resources. Key skills include Accessioning & Cataloging, Adobe Photoshop, Community Outreach & Interpretation, NEPA, SHPO Consultation. This is synthetic demo data.",-0.083
ACRA,Senior Field Technician,Sagebrush Archaeology,"Salt Lake City, UT",Salt Lake City,UT,40.7608,-111.891,2026-01-22,field-tech,senior,ArcGIS;Architectural History;Cost Distance / Least-Cost Path;MSHA Surface Miner;Principal Investigator (PI);World Heritage Site Management,"[""ArcGIS"", ""Architectural History"", ""Cost Distance / Least-Cost Path"", ""MSHA Surface Miner"", ""Principal Investigator (PI)"", ""World Heritage Site Management""]",,,,https://example.com/demo/job/177,"Senior Field Technician at Sagebrush Archaeology. Key skills include ArcGIS, Architectural History, Cost Distance / Least-Cost Path, MSHA Surface Miner, Principal Investigator (PI). This is synthetic demo data.",0.057
AAA,Archaeology Technician,Bay Area Preservation,"Sacramento, CA",Sacramento,CA,38.5816,-121.4944,2026-01-04,field-tech,entry,Cultural Landscape Report (CLR);DOIs/PIDs for Heritage Assets;Mitigation Planning & Implementation;NAGPRA;NEPA;Paleoethnobotany/Archaeobotany;Plaster Conservation;State Site Form & Records Submission,"[""Cultural Landscape Report (CLR)"", ""DOIs/PIDs for Heritage Assets"", ""Mitigation Planning & Implementation"", ""NAGPRA"", ""NEPA"", ""Paleoethnobotany/Archaeobotany"", ""Plaster Conservation"", ""State Site Form & Records Submission""]",42579.0,51108.0,USD,https://example.com/demo/job/178,"Archaeology Technician at Bay Area Preservation. Key skills include Cultural Landscape Report (CLR), DOIs/PIDs for Heritage Assets, Mitigation Planning & Implementation, NAGPRA, NEPA. This is synthetic demo data.",-0.043
AAA,Historic Preservation Specialist,Capitol Heritage Advisors,"Los Angeles, CA",Los Angeles,CA,34.0522,-118.2437,2026-01-23,architectural-historian,lead/PI,Accessioning & Cataloging;Ethnographic Research Methods;Historic Materials Conservation;Local Preservation Ordinances;MIDAS Heritage Standard;Residue/Use-Wear Analysis;SOI Professional Standards,"[""Accessioning & Cataloging"", ""Ethnographic Research Methods"", ""Historic Materials Conservation"", ""Local Preservation Ordinances"", ""MIDAS Heritage Standard"", ""Residue/Use-Wear Analysis"", ""SOI Professional Standards""]",116275.0,133533.0,USD,https://example.com/demo/job/179,"Historic Preservation Specialist at Capitol Heritage Advisors. Key skills include Accessioning & Cataloging, Ethnographic Research Methods, Historic Materials Conservation, Local Preservation Ordinances, MIDAS Heritage Standard. This is synthetic demo data.",0.341
ACRA,Senior Field Supervisor,Great Lakes CRM,"Portland, OR",Portland,OR,45.5152,-122.6784,2026-01-12,field-tech,senior,Adobe Photoshop;Crew Chief / Field Director;Esri StoryMaps;FME (Feature Manipulation Engine),"[""Adobe Photoshop"", ""Crew Chief / Field Director"", ""Esri StoryMaps"", ""FME (Feature Manipulation Engine)""]",91388.0,109471.0,USD,https://example.com/demo/job/180,"Senior Field Supervisor at Great Lakes CRM. Key skills include Adobe Photoshop, Crew Chief / Field Director, Esri StoryMaps, FME (Feature Manipulation Engine). This is synthetic demo data.",0.313
AAA,Lab Analyst,High Plains Cultural Resources,"Raleigh, NC",Raleigh,NC,35.7796,-78.6382,2026-01-07,lab/analyst,mid,Collections Conservation Planning;DEIA Practices in Heritage Work;Emergency Preparedness (Collections/Sites);Masonry Conservation;NRHP Determination of Eligibility;Viewshed Analysis,"[""Collections Conservation Planning"", ""DEIA Practices in Heritage Work"", ""Emergency Preparedness (Collections/Sites)"", ""Masonry Conservation"", ""NRHP Determination of Eligibility"", ""Viewshed Analysis""]",55047.0,72816.0,USD,https://example.com/demo/job/181,"Lab Analyst at High Plains Cultural Resources. Key skills include Collections Conservation Planning, DEIA Practices in Heritage Work, Emergency Preparedness (Collections/Sites), Masonry Conservation, NRHP Determination of Eligibility. This is synthetic demo data.",-0.127
AAA,Program Manager,Sunbelt Heritage Solutions,"Atlanta, GA",Atlanta,GA,33.749,-84.388,2025-11-21,pm/pi,mid,Deaccessioning Procedures;Electrical Resistivity;MSHA Surface Miner;Section 106,"[""Deaccessioning Procedures"", ""Electrical Resistivity"", ""MSHA Surface Miner"", ""Section 106""]",72031.0,85798.0,USD,https://example.com/demo/job/182,"Program Manager at Sunbelt Heritage Solutions. Key skills include Deaccessioning Procedures, Electrical Resistivity, MSHA Surface Miner, Section 106. This is synthetic demo data.",0.482
AAA,Zooarchaeology Analyst,Heritage Research Group,"Denver, CO",Denver,CO,39.7392,-104.9903,2025-11-14,lab/analyst,entry,Microsoft Project;Risk Management;Zooarchaeology (Faunal Analysis),"[""Microsoft Project"", ""Risk Management"", ""Zooarchaeology (Faunal Analysis)""]",45879.0,52268.0,USD,https://example.com/demo/job/183,"Zooarchaeology Analyst at Heritage Research Group. Key skills include Microsoft Project, Risk Management, Zooarchaeology (Faunal Analysis). This is synthetic demo data.",0.291
AAA,Senior Project Director,Cultural Resource Consultants,"Seattle, WA",Seattle,WA,47.6062,-122.3321,2025-10-20,pm/pi,senior,Collections Metadata (Dublin Core/PREMIS);Community Co-Design for Interpretation;NEPA;Proposal/Scope Writing (RFP/RFQ);SQL;Section 106,"[""Collections Metadata (Dublin Core/PREMIS)"", ""Community Co-Design for Interpretation"", ""NEPA"", ""Proposal/Scope Writing (RFP/RFQ)"", ""SQL"", ""Section 106""]",86731.0,104366.0,USD,https://example.com/demo/job/184,"Senior Project Director at Cultural Resource Consultants. Key skills include Collections Metadata (Dublin Core/PREMIS), Community Co-Design for Interpretation, NEPA, Proposal/Scope Writing (RFP/RFQ), SQL. This is synthetic demo data.",0.475
ACRA,Senior Historic Preservation Specialist,Western CRM Partners,"San Diego, CA",San Diego,CA,32.7157,-117.1611,2025-11-15,architectural-historian,lead/PI,Climate Adaptation for Heritage;Heritage Economics & Valuation;Preventive Conservation & Rehousing;Section 106,"[""Climate Adaptation for Heritage"", ""Heritage Economics & Valuation"", ""Preventive Conservation & Rehousing"", ""Section 106""]",92643.0,114688.0,USD,https://example.com/demo/job/185,"Senior Historic Preservation Specialist at Western CRM Partners. Key skills include Climate Adaptation for Heritage, Heritage Economics & Valuation, Preventive Conservation & Rehousing, Section 106. This is synthetic demo data.",-0.136
ACRA,Project Manager,ArchaeoLab Services,"Los Angeles, CA",Los Angeles,CA,34.0522,-118.2437,2025-10-22,pm/pi,senior,Archaeological Data Recovery Plan;Budgeting & Scheduling;Community Outreach & Interpretation;Dendrochronology;Historic District Survey;NEPA,"[""Archaeological Data Recovery Plan"", ""Budgeting & Scheduling"", ""Community Outreach & Interpretation"", ""Dendrochronology"", ""Historic District Survey"", ""NEPA""]",87140.0,98809.0,USD,https://example.com/demo/job/186,"Project Manager at ArchaeoLab Services. Key skills include Archaeological Data Recovery Plan, Budgeting & Scheduling, Community Outreach & Interpretation, Dendrochronology, Historic District Survey. This is synthetic demo data.",-0.192
AAA,Zooarchaeology Analyst,Preservation Strategy Studio,"Los Angeles, CA",Los Angeles,CA,34.0522,-118.2437,2025-10-30,lab/analyst,mid,Climate Adaptation for Heritage;Fundraising & Sponsorship (Heritage);NEPA Class of Action;Proposal/Scope Writing (RFP/RFQ);Section 106 Finding of Effect,"[""Climate Adaptation for Heritage"", ""Fundraising & Sponsorship (Heritage)"", ""NEPA Class of Action"", ""Proposal/Scope Writing (RFP/RFQ)"", ""Section 106 Finding of Effect""]",57457.0,64814.0,USD,https://example.com/demo/job/187,"Zooarchaeology Analyst at Preservation Strategy Studio. Key skills include Climate Adaptation for Heritage, Fundraising & Sponsorship (Heritage), NEPA Class of Action, Proposal/Scope Writing (RFP/RFQ), Section 106 Finding of Effect. This is synthetic demo data.",0.367
AAA,Field Technician,GeoCultural Analytics,"Denver, CO",Denver,CO,39.7392,-104.9903,2025-10-27,field-tech,senior,Primavera P6;Shovel Test Pits (STPs);The Museum System (TMS),"[""Primavera P6"", ""Shovel Test Pits (STPs)"", ""The Museum System (TMS)""]",72966.0,89236.0,USD,https://example.com/demo/job/188,"Field Technician at GeoCultural Analytics. Key skills include Primavera P6, Shovel Test Pits (STPs), The Museum System (TMS). This is synthetic demo data.",-0.05
AAA,Historic Preservation Specialist,Regional Heritage Associates,"Las Vegas, NV",Las Vegas,NV,36.1699,-115.1398,2025-11-09,architectural-historian,senior,HABS/HAER/HALS Documentation;MOA (Section 106 Resolution);Plaster Conservation,"[""HABS/HAER/HALS Documentation"", ""MOA (Section 106 Resolution)"", ""Plaster Conservation""]",,,,https://example.com/demo/job/189,"Historic Preservation Specialist at Regional Heritage Associates. Key skills include HABS/HAER/HALS Documentation, MOA (Section 106 Resolution), Plaster Conservation. This is synthetic demo data.",-0.104
AAA,Field Supervisor,Frontier Cultural Resources,"San Diego, CA",San Diego,CA,32.7157,-117.1611,2026-01-27,field-tech,mid,Crew Chief / Field Director;Data Management Plan (FAIR);Heritage Management Plan;Historic District Guidelines;ICOMOS Ethical Guidelines;Local Preservation Ordinances;NEPA;PostGIS;Viewshed Analysis,"[""Crew Chief / Field Director"", ""Data Management Plan (FAIR)"", ""Heritage Management Plan"", ""Historic District Guidelines"", ""ICOMOS Ethical Guidelines"", ""Local Preservation Ordinances"", ""NEPA"", ""PostGIS"", ""Viewshed Analysis""]",,,,https://example.com/demo/job/190,"Field Supervisor at Frontier Cultural Resources. Key skills include Crew Chief / Field Director, Data Management Plan (FAIR), Heritage Management Plan, Historic District Guidelines, ICOMOS Ethical Guidelines. This is synthetic demo data.",-0.159
ACRA,Senior Collections Specialist,Sagebrush Archaeology,"San Antonio, TX",San Antonio,TX,29.4241,-98.4936,2025-10-27,lab/analyst,senior,Adobe InDesign (Reports);ArcGIS Online;Burra Charter Principles;Emergency Stabilization (Historic Fabric);Mortar Analysis & Repointing;Principal Investigator (PI);R;Soil Micromorphology,"[""Adobe InDesign (Reports)"", ""ArcGIS Online"", ""Burra Charter Principles"", ""Emergency Stabilization (Historic Fabric)"", ""Mortar Analysis & Repointing"", ""Principal Investigator (PI)"", ""R"", ""Soil Micromorphology""]",83626.0,107375.0,USD,https://example.com/demo/job/191,"Senior Collections Specialist at Sagebrush Archaeology. Key skills include Adobe InDesign (Reports), ArcGIS Online, Burra Charter Principles, Emergency Stabilization (Historic Fabric), Mortar Analysis & Repointing. This is synthetic demo data.",-0.034
AAA,Crew Chief,Bay Area Preservation,"Seattle, WA",Seattle,WA,47.6062,-122.3321,2025-12-11,field-tech,senior,Community Outreach & Interpretation;Crew Chief / Field Director;DEIA Practices in Heritage Work;Deaccessioning Procedures;Ground Penetrating Radar;Historic Tax Credit Applications;NEPA;Tribal Consultation & Engagement,"[""Community Outreach & Interpretation"", ""Crew Chief / Field Director"", ""DEIA Practices in Heritage Work"", ""Deaccessioning Procedures"", ""Ground Penetrating Radar"", ""Historic Tax Credit Applications"", ""NEPA"", ""Tribal Consultation & Engagement""]",,,,https://example.com/demo/job/192,"Crew Chief at Bay Area Preservation. Key skills include Community Outreach & Interpretation, Crew Chief / Field Director, DEIA Practices in Heritage Work, Deaccessioning Procedures, Ground Penetrating Radar. This is synthetic demo data.",-0.2
AAA,Artifact Analyst,Capitol Heritage Advisors,"Boston, MA",Boston,MA,42.3601,-71.0589,2026-02-02,lab/analyst,mid,Ceramic Analysis;Deaccessioning Procedures;Digital Preservation (OAIS/BagIt);Ethnographic Research Methods;PostGIS;Quality Assurance / Quality Control;Security Planning for Heritage Assets;Zooarchaeology (Faunal Analysis),"[""Ceramic Analysis"", ""Deaccessioning Procedures"", ""Digital Preservation (OAIS/BagIt)"", ""Ethnographic Research Methods"", ""PostGIS"", ""Quality Assurance / Quality Control"", ""Security Planning for Heritage Assets"", ""Zooarchaeology (Faunal Analysis)""]",66956.0,75144.0,USD,https://example.com/demo/job/193,"Artifact Analyst at Capitol Heritage Advisors. Key skills include Ceramic Analysis, Deaccessioning Procedures, Digital Preservation (OAIS/BagIt), Ethnographic Research Methods, PostGIS. This is synthetic demo data.",0.21
ACRA,Architectural Historian,Great Lakes CRM,"Seattle, WA",Seattle,WA,47.6062,-122.3321,2025-12-19,architectural-historian,senior,CPR/First Aid;Client/Stakeholder Management;Community Outreach & Interpretation;Historic District Guidelines;Magnetometry Survey;NRHP Evaluation Criteria;Section 106 Regulations (36 CFR 800);Site Recording & Forms,"[""CPR/First Aid"", ""Client/Stakeholder Management"", ""Community Outreach & Interpretation"", ""Historic District Guidelines"", ""Magnetometry Survey"", ""NRHP Evaluation Criteria"", ""Section 106 Regulations (36 CFR 800)"", ""Site Recording & Forms""]",,,,https://example.com/demo/job/194,"Architectural Historian at Great Lakes CRM. Key skills include CPR/First Aid, Client/Stakeholder Management, Community Outreach & Interpretation, Historic District Guidelines, Magnetometry Survey. This is synthetic demo data.",0.065
AAA,Lab Analyst,High Plains Cultural Resources,"Portland, OR",Portland,OR,45.5152,-122.6784,2026-02-01,lab/analyst,mid,BLM Archaeology Permit;Cultural Landscape Inventory;Geoarchaeology;Magnetometry Survey;Microsoft Project;Oral History Methods;Primavera P6;SQL,"[""BLM Archaeology Permit"", ""Cultural Landscape Inventory"", ""Geoarchaeology"", ""Magnetometry Survey"", ""Microsoft Project"", ""Oral History Methods"", ""Primavera P6"", ""SQL""]",62238.0,79717.0,USD,https://example.com/demo/job/195,"Lab Analyst at High Plains Cultural Resources. Key skills include BLM Archaeology Permit, Cultural Landscape Inventory, Geoarchaeology, Magnetometry Survey, Microsoft Project. This is synthetic demo data.",-0.102
ACRA,Historic Preservation Specialist,Sunbelt Heritage Solutions,"Denver, CO",Denver,CO,39.7392,-104.9903,2025-11-05,architectural-historian,mid,CPR/First Aid;Grant Writing for Heritage Programs;NRHP Determination of Eligibility;SOI Professional Qualifications,"[""CPR/First Aid"", ""Grant Writing for Heritage Programs"", ""NRHP Determination of Eligibility"", ""SOI Professional Qualifications""]",69635.0,76821.0,USD,https://example.com/demo/job/196,"Historic Preservation Specialist at Sunbelt Heritage Solutions. Key skills include CPR/First Aid, Grant Writing for Heritage Programs, NRHP Determination of Eligibility, SOI Professional Qualifications. This is synthetic demo data.",0.045
ACRA,Field Supervisor,Heritage Research Group,"Albuquerque, NM",Albuquerque,NM,35.0844,-106.6504,2025-12-17,field-tech,entry,Adobe Illustrator;Historic Tax Credit Applications;Mukurtu (Community Protocol CMS);Phase I Archaeological Survey;Phase III Data Recovery;Repository Standards & Agreements,"[""Adobe Illustrator"", ""Historic Tax Credit Applications"", ""Mukurtu (Community Protocol CMS)"", ""Phase I Archaeological Survey"", ""Phase III Data Recovery"", ""Repository Standards & Agreements""]",55579.0,63506.0,USD,https://example.com/demo/job/197,"Field Supervisor at Heritage Research Group. Key skills include Adobe Illustrator, Historic Tax Credit Applications, Mukurtu (Community Protocol CMS), Phase I Archaeological Survey, Phase III Data Recovery. This is synthetic demo data.",-0.086
AAA,Architectural Historian,Cultural Resource Consultants,"Denver, CO",Denver,CO,39.7392,-104.9903,2025-10-16,architectural-historian,entry,NEPA;NRHP Integrity Assessment;Program Evaluation (KPIs/Outcomes);The Museum System (TMS);UAV Photogrammetry;Wood Conservation,"[""NEPA"", ""NRHP Integrity Assessment"", ""Program Evaluation (KPIs/Outcomes)"", ""The Museum System (TMS)"", ""UAV Photogrammetry"", ""Wood Conservation""]",43228.0,51709.0,USD,https://example.com/demo/job/198,"Architectural Historian at Cultural Resource Consultants. Key skills include NEPA, NRHP Integrity Assessment, Program Evaluation (KPIs/Outcomes), The Museum System (TMS), UAV Photogrammetry. This is synthetic demo data.",0.216
AAA,Field Supervisor,Western CRM Partners,"Boston, MA",Boston,MA,42.3601,-71.0589,2026-01-05,field-tech,lead/PI,California Environmental Quality Act;NEPA;Preventive Conservation & Rehousing;Residue/Use-Wear Analysis;Section 106;Site Recording & Forms,"[""California Environmental Quality Act"", ""NEPA"", ""Preventive Conservation & Rehousing"", ""Residue/Use-Wear Analysis"", ""Section 106"", ""Site Recording & Forms""]",102450.0,130861.0,USD,https://example.com/demo/job/199,"Field Supervisor at Western CRM Partners. Key skills include California Environmental Quality Act, NEPA, Preventive Conservation & Rehousing, Residue/Use-Wear Analysis, Section 106. This is synthetic demo data.",0.262
ACRA,Field Technician,ArchaeoLab Services,"Portland, OR",Portland,OR,45.5152,-122.6784,2025-10-08,field-tech,mid,Digital Twins for Heritage Sites;Historic Preservation Plan;NEPA;NPS Preservation Briefs & Bulletins;PastPerfect CMS;Primavera P6;Residue/Use-Wear Analysis;Section 106,"[""Digital Twins for Heritage Sites"", ""Historic Preservation Plan"", ""NEPA"", ""NPS Preservation Briefs & Bulletins"", ""PastPerfect CMS"", ""Primavera P6"", ""Residue/Use-Wear Analysis"", ""Section 106""]",,,,https://example.com/demo/job/200,"Field Technician at ArchaeoLab Services. Key skills include Digital Twins for Heritage Sites, Historic Preservation Plan, NEPA, NPS Preservation Briefs & Bulletins, PastPerfect CMS. This is synthetic demo data.",-0.08
ACRA,Project Manager,Preservation Strategy Studio,"Portland, OR",Portland,OR,45.5152,-122.6784,2025-11-21,pm/pi,entry,ArcGIS;Cultural Landscape Report (CLR);Drone (UAV) Mapping;Historic Preservation Plan;Section 106;Section 4(f) Evaluation,"[""ArcGIS"", ""Cultural Landscape Report (CLR)"", ""Drone (UAV) Mapping"", ""Historic Preservation Plan"", ""Section 106"", ""Section 4(f) Evaluation""]",45029.0,52068.0,USD,https://example.com/demo/job/201,"Project Manager at Preservation Strategy Studio. Key skills include ArcGIS, Cultural Landscape Report (CLR), Drone (UAV) Mapping, Historic Preservation Plan, Section 106. This is synthetic demo data.",0.112
ACRA,Senior Project Director,GeoCultural Analytics,"Sacramento, CA",Sacramento,CA,38.5816,-121.4944,2026-01-09,pm/pi,lead/PI,Crew Chief / Field Director;FileMaker Pro;Heritage Risk Assessment;Integrated Pest Management (IPM);NEPA;Zooarchaeology (Faunal Analysis),"[""Crew Chief / Field Director"", ""FileMaker Pro"", ""Heritage Risk Assessment"", ""Integrated Pest Management (IPM)"", ""NEPA"", ""Zooarchaeology (Faunal Analysis)""]",112530.0,145272.0,USD,https://example.com/demo/job/202,"Senior Project Director at GeoCultural Analytics. Key skills include Crew Chief / Field Director, FileMaker Pro, Heritage Risk Assessment, Integrated Pest Management (IPM), NEPA. This is synthetic demo data.",0.188
ACRA,Senior Principal Investigator,Regional Heritage Associates,"Chicago, IL",Chicago,IL,41.8781,-87.6298,2025-12-01,pm/pi,lead/PI,Drone (UAV) Mapping;Geoarchaeology;MSHA Surface Miner,"[""Drone (UAV) Mapping"", ""Geoarchaeology"", ""MSHA Surface Miner""]",99663.0,118604.0,USD,https://example.com/demo/job/203,"Senior Principal Investigator at Regional Heritage Associates. Key skills include Drone (UAV) Mapping, Geoarchaeology, MSHA Surface Miner. This is synthetic demo data.",0.464
ACRA,Collections Specialist,Frontier Cultural Resources,"Las Vegas, NV",Las Vegas,NV,36.1699,-115.1398,2026-01-29,lab/analyst,mid,Budget & Cost Control (Preservation);Resource Condition Assessment;THPO Consultation,"[""Budget & Cost Control (Preservation)"", ""Resource Condition Assessment"", ""THPO Consultation""]",59845.0,76594.0,USD,https://example.com/demo/job/204,"Collections Specialist at Frontier Cultural Resources. Key skills include Budget & Cost Control (Preservation), Resource Condition Assessment, THPO Consultation. This is synthetic demo data.",-0.139
ACRA,Senior Historic Preservation Specialist,Sagebrush Archaeology,"Raleigh, NC",Raleigh,NC,35.7796,-78.6382,2025-12-19,architectural-historian,lead/PI,National Historic Preservation Act;Post-Disaster Damage Assessment;Quality Assurance / Quality Control,"[""National Historic Preservation Act"", ""Post-Disaster Damage Assessment"", ""Quality Assurance / Quality Control""]",,,,https://example.com/demo/job/205,"Senior Historic Preservation Specialist at Sagebrush Archaeology. Key skills include National Historic Preservation Act, Post-Disaster Damage Assessment, Quality Assurance / Quality Control. This is synthetic demo data.",0.447
AAA,Cultural Resources Planner,Bay Area Preservation,"Washington, DC",Washington,DC,38.9072,-77.0369,2025-12-23,architectural-historian,entry,ArcGIS;Historic District Guidelines;Phase I Archaeological Survey;Section 110 (NHPA);State Site Form & Records Submission,"[""ArcGIS"", ""Historic District Guidelines"", ""Phase I Archaeological Survey"", ""Section 110 (NHPA)"", ""State Site Form & Records Submission""]",44821.0,51077.0,USD,https://example.com/demo/job/206,"Cultural Resources Planner at Bay Area Preservation. Key skills include ArcGIS, Historic District Guidelines, Phase I Archaeological Survey, Section 110 (NHPA), State Site Form & Records Submission. This is synthetic demo data.",-0.173
AAA,Field Supervisor,Capitol Heritage Advisors,"Seattle, WA",Seattle,WA,47.6062,-122.3321,2026-01-08,field-tech,mid,Ceramic Analysis;FME (Feature Manipulation Engine);Ground Penetrating Radar;MIDAS Heritage Standard;Section 106;Terrestrial Laser Scanning (TLS),"[""Ceramic Analysis"", ""FME (Feature Manipulation Engine)"", ""Ground Penetrating Radar"", ""MIDAS Heritage Standard"", ""Section 106"", ""Terrestrial Laser Scanning (TLS)""]",,,,https://example.com/demo/job/207,"Field Supervisor at Capitol Heritage Advisors. Key skills include Ceramic Analysis, FME (Feature Manipulation Engine), Ground Penetrating Radar, MIDAS Heritage Standard, Section 106. This is synthetic demo data.",0.342
AAA,Senior Project Manager,Great Lakes CRM,"Seattle, WA",Seattle,WA,47.6062,-122.3321,2025-10-13,pm/pi,senior,Adobe Photoshop;Historic District Guidelines;Pedestrian Survey;Python,"[""Adobe Photoshop"", ""Historic District Guidelines"", ""Pedestrian Survey"", ""Python""]",73841.0,92283.0,USD,https://example.com/demo/job/208,"Senior Project Manager at Great Lakes CRM. Key skills include Adobe Photoshop, Historic District Guidelines, Pedestrian Survey, Python. This is synthetic demo data.",0.297
AAA,Archaeology Technician,High Plains Cultural Resources,"Chicago, IL",Chicago,IL,41.8781,-87.6298,2025-12-03,field-tech,mid,Compliance Tracking Systems;Geoarchaeology;Preventive Conservation;Soil Micromorphology,"[""Compliance Tracking Systems"", ""Geoarchaeology"", ""Preventive Conservation"", ""Soil Micromorphology""]",61524.0,73012.0,USD,https://example.com/demo/job/209,"Archaeology Technician at High Plains Cultural Resources. Key skills include Compliance Tracking Systems, Geoarchaeology, Preventive Conservation, Soil Micromorphology. This is synthetic demo data.",0.245
AAA,Artifact Analyst,Sunbelt Heritage Solutions,"Albuquerque, NM",Albuquerque,NM,35.0844,-106.6504,2025-10-16,lab/analyst,entry,Adaptive Reuse Planning;Design Review for Historic Properties;Ethnographic Research Methods;NEPA;Quality Assurance / Quality Control;Section 106;Technical Editing;Venice Charter Principles,"[""Adaptive Reuse Planning"", ""Design Review for Historic Properties"", ""Ethnographic Research Methods"", ""NEPA"", ""Quality Assurance / Quality Control"", ""Section 106"", ""Technical Editing"", ""Venice Charter Principles""]",46237.0,56372.0,USD,https://example.com/demo/job/210,"Artifact Analyst at Sunbelt Heritage Solutions. Key skills include Adaptive Reuse Planning, Design Review for Historic Properties, Ethnographic Research Methods, NEPA, Quality Assurance / Quality Control. This is synthetic demo data.",-0.181
ACRA,Collections Specialist,Heritage Research Group,"Tucson, AZ",Tucson,AZ,32.2226,-110.9747,2025-12-26,lab/analyst,mid,ArcGIS Online;Ceramic Analysis;Construction Compliance Monitoring;Historic Materials Conservation;Pedestrian Survey;Section 106 Regulations (36 CFR 800);Site Management Plan;State Environmental Policy Act,"[""ArcGIS Online"", ""Ceramic Analysis"", ""Construction Compliance Monitoring"", ""Historic Materials Conservation"", ""Pedestrian Survey"", ""Section 106 Regulations (36 CFR 800)"", ""Site Management Plan"", ""State Environmental Policy Act""]",55291.0,70058.0,USD,https://example.com/demo/job/211,"Collections Specialist at Heritage Research Group. Key skills include ArcGIS Online, Ceramic Analysis, Construction Compliance Monitoring, Historic Materials Conservation, Pedestrian Survey. This is synthetic demo data.",0.221
AAA,Cultural Resources Planner,Cultural Resource Consultants,"Phoenix, AZ",Phoenix,AZ,33.4484,-112.074,2025-11-12,architectural-historian,mid,CPR/First Aid;Digitization & Georeferencing;MSHA Surface Miner;Programmatic Agreements (PAs);Resource Condition Assessment,"[""CPR/First Aid"", ""Digitization & Georeferencing"", ""MSHA Surface Miner"", ""Programmatic Agreements (PAs)"", ""Resource Condition Assessment""]",,,,https://example.com/demo/job/212,"Cultural Resources Planner at Cultural Resource Consultants. Key skills include CPR/First Aid, Digitization & Georeferencing, MSHA Surface Miner, Programmatic Agreements (PAs), Resource Condition Assessment. This is synthetic demo data.",0.209
ACRA,Historic Preservation Specialist,Western CRM Partners,"Phoenix, AZ",Phoenix,AZ,33.4484,-112.074,2025-12-10,architectural-historian,senior,Architectural History;Digitization & Georeferencing;NRHP Evaluation Criteria;QGIS;Terrestrial Laser Scanning (TLS);Wood Conservation,"[""Architectural History"", ""Digitization & Georeferencing"", ""NRHP Evaluation Criteria"", ""QGIS"", ""Terrestrial Laser Scanning (TLS)"", ""Wood Conservation""]",,,,https://example.com/demo/job/213,"Historic Preservation Specialist at Western CRM Partners. Key skills include Architectural History, Digitization & Georeferencing, NRHP Evaluation Criteria, QGIS, Terrestrial Laser Scanning (TLS). This is synthetic demo data.",0.43
ACRA,Senior Cultural Resources Planner,ArchaeoLab Services,"Boston, MA",Boston,MA,42.3601,-71.0589,2025-12-17,architectural-historian,lead/PI,Esri Survey123;Intangible Cultural Heritage Safeguarding;Section 106;Section 110 (NHPA),"[""Esri Survey123"", ""Intangible Cultural Heritage Safeguarding"", ""Section 106"", ""Section 110 (NHPA)""]",115445.0,131602.0,USD,https://example.com/demo/job/214,"Senior Cultural Resources Planner at ArchaeoLab Services. Key skills include Esri Survey123, Intangible Cultural Heritage Safeguarding, Section 106, Section 110 (NHPA). This is synthetic demo data.",0.04
AAA,Senior Cultural Resources Planner,Preservation Strategy Studio,"Los Angeles, CA",Los Angeles,CA,34.0522,-118.2437,2025-10-28,architectural-historian,lead/PI,Budgeting & Scheduling;Esri Survey123;NEPA;Oral History Methods;Section 106;Section 4(f) DOT Act,"[""Budgeting & Scheduling"", ""Esri Survey123"", ""NEPA"", ""Oral History Methods"", ""Section 106"", ""Section 4(f) DOT Act""]",106951.0,140269.0,USD,https://example.com/demo/job/215,"Senior Cultural Resources Planner at Preservation Strategy Studio. Key skills include Budgeting & Scheduling, Esri Survey123, NEPA, Oral History Methods, Section 106. This is synthetic demo data.",0.258
ACRA,Senior Artifact Analyst,GeoCultural Analytics,"Los Angeles, CA",Los Angeles,CA,34.0522,-118.2437,2025-12-23,lab/analyst,senior,Conservation Plan;Esri Survey123;MIDAS Heritage Standard;Proposal/Scope Writing (RFP/RFQ);Wood Conservation,"[""Conservation Plan"", ""Esri Survey123"", ""MIDAS Heritage Standard"", ""Proposal/Scope Writing (RFP/RFQ)"", ""Wood Conservation""]",92787.0,112348.0,USD,https://example.com/demo/job/216,"Senior Artifact Analyst at GeoCultural Analytics. Key skills include Conservation Plan, Esri Survey123, MIDAS Heritage Standard, Proposal/Scope Writing (RFP/RFQ), Wood Conservation. This is synthetic demo data.",0.131
ACRA,Project Director,Regional Heritage Associates,"San Diego, CA",San Diego,CA,32.7157,-117.1611,2026-01-04,pm/pi,entry,Compliance Tracking Systems;Curation Agreements;Integrated Pest Management (IPM);Pedestrian Survey;Residue/Use-Wear Analysis;UAV Photogrammetry,"[""Compliance Tracking Systems"", ""Curation Agreements"", ""Integrated Pest Management (IPM)"", ""Pedestrian Survey"", ""Residue/Use-Wear Analysis"", ""UAV Photogrammetry""]",49496.0,54669.0,USD,https://example.com/demo/job/217,"Project Director at Regional Heritage Associates. Key skills include Compliance Tracking Systems, Curation Agreements, Integrated Pest Management (IPM), Pedestrian Survey, Residue/Use-Wear Analysis. This is synthetic demo data.",0.345
ACRA,Artifact Analyst,Frontier Cultural Resources,"San Antonio, TX",San Antonio,TX,29.4241,-98.4936,2026-01-10,lab/analyst,senior,Archaeological Data Recovery Plan;Contract Deliverables Management;Digitization & Georeferencing;NEPA,"[""Archaeological Data Recovery Plan"", ""Contract Deliverables Management"", ""Digitization & Georeferencing"", ""NEPA""]",97050.0,109645.0,USD,https://example.com/demo/job/218,"Artifact Analyst at Frontier Cultural Resources. Key skills include Archaeological Data Recovery Plan, Contract Deliverables Management, Digitization & Georeferencing, NEPA. This is synthetic demo data.",-0.109
ACRA,Program Manager,Sagebrush Archaeology,"Minneapolis, MN",Minneapolis,MN,44.9778,-93.265,2025-10-05,pm/pi,lead/PI,Adobe Illustrator;Burra Charter Principles;Compliance Tracking Systems;LiDAR;Lithic Analysis;MIDAS Heritage Standard,"[""Adobe Illustrator"", ""Burra Charter Principles"", ""Compliance Tracking Systems"", ""LiDAR"", ""Lithic Analysis"", ""MIDAS Heritage Standard""]",,,,https://example.com/demo/job/219,"Program Manager at Sagebrush Archaeology. Key skills include Adobe Illustrator, Burra Charter Principles, Compliance Tracking Systems, LiDAR, Lithic Analysis. This is synthetic demo data.",-0.042
AAA,Senior Lab Analyst,Bay Area Preservation,"Boise, ID",Boise,ID,43.615,-116.2023,2025-10-22,lab/analyst,senior,Architectural History;Co-Management Agreements;Esri StoryMaps;File/Enterprise Geodatabase;GDAL/OGR;Paleoethnobotany/Archaeobotany;Repository Standards & Agreements,"[""Architectural History"", ""Co-Management Agreements"", ""Esri StoryMaps"", ""File/Enterprise Geodatabase"", ""GDAL/OGR"", ""Paleoethnobotany/Archaeobotany"", ""Repository Standards & Agreements""]",83070.0,100175.0,USD,https://example.com/demo/job/220,"Senior Lab Analyst at Bay Area Preservation. Key skills include Architectural History, Co-Management Agreements, Esri StoryMaps, File/Enterprise Geodatabase, GDAL/OGR. This is synthetic demo data.",0.497
ACRA,Collections Specialist,Capitol Heritage Advisors,"San Antonio, TX",San Antonio,TX,29.4241,-98.4936,2025-12-27,lab/analyst,senior,Bioarchaeology/Osteology;Collections Management Policy;Historic Materials Conservation;Historic Paint Analysis;Mitigation Reporting & Closeout;Wilderness First Aid,"[""Bioarchaeology/Osteology"", ""Collections Management Policy"", ""Historic Materials Conservation"", ""Historic Paint Analysis"", ""Mitigation Reporting & Closeout"", ""Wilderness First Aid""]",77537.0,89554.0,USD,https://example.com/demo/job/221,"Collections Specialist at Capitol Heritage Advisors. Key skills include Bioarchaeology/Osteology, Collections Management Policy, Historic Materials Conservation, Historic Paint Analysis, Mitigation Reporting & Closeout. This is synthetic demo data.",0.063
ACRA,Field Technician,Great Lakes CRM,"Sacramento, CA",Sacramento,CA,38.5816,-121.4944,2025-12-24,field-tech,entry,Accession Policy & Procedures;Ceramic Analysis;Collections Environmental Monitoring;Disaster Risk Reduction & Response;Omeka S (Digital Exhibits);Phase II Evaluation/Testing;Radiocarbon Sampling/Interpretation;Underwater/Maritime Survey,"[""Accession Policy & Procedures"", ""Ceramic Analysis"", ""Collections Environmental Monitoring"", ""Disaster Risk Reduction & Response"", ""Omeka S (Digital Exhibits)"", ""Phase II Evaluation/Testing"", ""Radiocarbon Sampling/Interpretation"", ""Underwater/Maritime Survey""]",44508.0,50191.0,USD,https://example.com/demo/job/222,"Field Technician at Great Lakes CRM. Key skills include Accession Policy & Procedures, Ceramic Analysis, Collections Environmental Monitoring, Disaster Risk Reduction & Response, Omeka S (Digital Exhibits). This is synthetic demo data.",0.011
AAA,Zooarchaeology Analyst,High Plains Cultural Resources,"Albuquerque, NM",Albuquerque,NM,35.0844,-106.6504,2025-10-30,lab/analyst,senior,MOA (Section 106 Resolution);Mitigation Planning & Implementation;NEPA;OSHA HAZWOPER 40-hour;Section 106,"[""MOA (Section 106 Resolution)"", ""Mitigation Planning & Implementation"", ""NEPA"", ""OSHA HAZWOPER 40-hour"", ""Section 106""]",,,,https://example.com/demo/job/223,"Zooarchaeology Analyst at High Plains Cultural Resources. Key skills include MOA (Section 106 Resolution), Mitigation Planning & Implementation, NEPA, OSHA HAZWOPER 40-hour, Section 106. This is synthetic demo data.",0.382
ACRA,Senior Project Director,Sunbelt Heritage Solutions,"San Diego, CA",San Diego,CA,32.7157,-117.1611,2025-12-07,pm/pi,senior,Contract Deliverables Management;Disaster Risk Reduction & Response;HIA (Heritage Impact Assessment);Intangible Cultural Heritage Safeguarding;Metal Conservation;NAGPRA;NEPA;Remote Sensing Classification;Section 106,"[""Contract Deliverables Management"", ""Disaster Risk Reduction & Response"", ""HIA (Heritage Impact Assessment)"", ""Intangible Cultural Heritage Safeguarding"", ""Metal Conservation"", ""NAGPRA"", ""NEPA"", ""Remote Sensing Classification"", ""Section 106""]",75618.0,99302.0,USD,https://example.com/demo/job/224,"Senior Project Director at Sunbelt Heritage Solutions. Key skills include Contract Deliverables Management, Disaster Risk Reduction & Response, HIA (Heritage Impact Assessment), Intangible Cultural Heritage Safeguarding, Metal Conservation. This is synthetic demo data.",0.465
ACRA,Crew Chief,Heritage Research Group,"Atlanta, GA",Atlanta,GA,33.749,-84.388,2025-11-28,field-tech,entry,ArcGIS;Co-Management Agreements;Community Outreach & Interpretation;Conservation Plan;Esri Survey123;Heritage Policy Analysis;Masonry Conservation;Radiocarbon Sampling/Interpretation,"[""ArcGIS"", ""Co-Management Agreements"", ""Community Outreach & Interpretation"", ""Conservation Plan"", ""Esri Survey123"", ""Heritage Policy Analysis"", ""Masonry Conservation"", ""Radiocarbon Sampling/Interpretation""]",47901.0,58467.0,USD,https://example.com/demo/job/225,"Crew Chief at Heritage Research Group. Key skills include ArcGIS, Co-Management Agreements, Community Outreach & Interpretation, Conservation Plan, Esri Survey123. This is synthetic demo data.",-0.134
AAA,Collections Specialist,Cultural Resource Consultants,"Tucson, AZ",Tucson,AZ,32.2226,-110.9747,2025-12-02,lab/analyst,entry,Adobe Illustrator;ArcGIS Online;Data Management Plan (FAIR);National Historic Preservation Act;Section 106;Total Station Survey,"[""Adobe Illustrator"", ""ArcGIS Online"", ""Data Management Plan (FAIR)"", ""National Historic Preservation Act"", ""Section 106"", ""Total Station Survey""]",44996.0,49928.0,USD,https://example.com/demo/job/226,"Collections Specialist at Cultural Resource Consultants. Key skills include Adobe Illustrator, ArcGIS Online, Data Management Plan (FAIR), National Historic Preservation Act, Section 106. This is synthetic demo data.",0.385
ACRA,Senior Lab Analyst,Western CRM Partners,"San Antonio, TX",San Antonio,TX,29.4241,-98.4936,2026-01-25,lab/analyst,lead/PI,HIA (Heritage Impact Assessment);Microsoft Project;Phase II Evaluation/Testing;Preventive Conservation & Rehousing;Program Evaluation (KPIs/Outcomes);Risk Management;State Environmental Policy Act;Zooarchaeology (Faunal Analysis),"[""HIA (Heritage Impact Assessment)"", ""Microsoft Project"", ""Phase II Evaluation/Testing"", ""Preventive Conservation & Rehousing"", ""Program Evaluation (KPIs/Outcomes)"", ""Risk Management"", ""State Environmental Policy Act"", ""Zooarchaeology (Faunal Analysis)""]",113501.0,129445.0,USD,https://example.com/demo/job/227,"Senior Lab Analyst at Western CRM Partners. Key skills include HIA (Heritage Impact Assessment), Microsoft Project, Phase II Evaluation/Testing, Preventive Conservation & Rehousing, Program Evaluation (KPIs/Outcomes). This is synthetic demo data.",0.138
ACRA,Program Manager,ArchaeoLab Services,"San Antonio, TX",San Antonio,TX,29.4241,-98.4936,2025-12-17,pm/pi,entry,Architectural History;Section 106;Section 110 (NHPA);Wood Conservation,"[""Architectural History"", ""Section 106"", ""Section 110 (NHPA)"", ""Wood Conservation""]",53107.0,61406.0,USD,https://example.com/demo/job/228,"Program Manager at ArchaeoLab Services. Key skills include Architectural History, Section 106, Section 110 (NHPA), Wood Conservation. This is synthetic demo data.",0.485
ACRA,Principal Investigator,Preservation Strategy Studio,"Seattle, WA",Seattle,WA,47.6062,-122.3321,2026-02-01,pm/pi,entry,Integrated Pest Management (IPM);Programmatic Agreements (PAs);Section 4(f) Evaluation;State Environmental Policy Act;State Site Form & Records Submission;Viewshed Analysis,"[""Integrated Pest Management (IPM)"", ""Programmatic Agreements (PAs)"", ""Section 4(f) Evaluation"", ""State Environmental Policy Act"", ""State Site Form & Records Submission"", ""Viewshed Analysis""]",,,,https://example.com/demo/job/229,"Principal Investigator at Preservation Strategy Studio. Key skills include Integrated Pest Management (IPM), Programmatic Agreements (PAs), Section 4(f) Evaluation, State Environmental Policy Act, State Site Form & Records Submission. This is synthetic demo data.",0.154
AAA,Lab Analyst,GeoCultural Analytics,"San Antonio, TX",San Antonio,TX,29.4241,-98.4936,2025-11-30,lab/analyst,lead/PI,Electrical Resistivity;Long-Term Resource Monitoring Plan;Mortar Analysis & Repointing;Radiocarbon Sampling/Interpretation;Remote Sensing Classification;Section 106,"[""Electrical Resistivity"", ""Long-Term Resource Monitoring Plan"", ""Mortar Analysis & Repointing"", ""Radiocarbon Sampling/Interpretation"", ""Remote Sensing Classification"", ""Section 106""]",,,,https://example.com/demo/job/230,"Lab Analyst at GeoCultural Analytics. Key skills include Electrical Resistivity, Long-Term Resource Monitoring Plan, Mortar Analysis & Repointing, Radiocarbon Sampling/Interpretation, Remote Sensing Classification. This is synthetic demo data.",-0.138
AAA,Architectural Historian,Regional Heritage Associates,"San Antonio, TX",San Antonio,TX,29.4241,-98.4936,2025-12-27,architectural-historian,lead/PI,Bioarchaeology/Osteology;Budgeting & Scheduling;Historic District Survey;Lithic Analysis;NEPA;NPS Preservation Briefs & Bulletins;Phase I Archaeological Survey;Program Evaluation (KPIs/Outcomes);Section 106;Section 110 (NHPA),"[""Bioarchaeology/Osteology"", ""Budgeting & Scheduling"", ""Historic District Survey"", ""Lithic Analysis"", ""NEPA"", ""NPS Preservation Briefs & Bulletins"", ""Phase I Archaeological Survey"", ""Program Evaluation (KPIs/Outcomes)"", ""Section 106"", ""Section 110 (NHPA)""]",109962.0,141619.0,USD,https://example.com/demo/job/231,"Architectural Historian at Regional Heritage Associates. Key skills include Bioarchaeology/Osteology, Budgeting & Scheduling, Historic District Survey, Lithic Analysis, NEPA. This is synthetic demo data.",0.465
ACRA,Zooarchaeology Analyst,Frontier Cultural Resources,"Boise, ID",Boise,ID,43.615,-116.2023,2025-12-28,lab/analyst,entry,Archaeological Resources Protection Act;Client/Stakeholder Management;Design Review for Historic Properties;MOA (Section 106 Resolution);Revit (BIM for Heritage),"[""Archaeological Resources Protection Act"", ""Client/Stakeholder Management"", ""Design Review for Historic Properties"", ""MOA (Section 106 Resolution)"", ""Revit (BIM for Heritage)""]",,,,https://example.com/demo/job/232,"Zooarchaeology Analyst at Frontier Cultural Resources. Key skills include Archaeological Resources Protection Act, Client/Stakeholder Management, Design Review for Historic Properties, MOA (Section 106 Resolution), Revit (BIM for Heritage). This is synthetic demo data.",-0.198
AAA,Senior Cultural Resources Planner,Sagebrush Archaeology,"Boise, ID",Boise,ID,43.615,-116.2023,2026-02-01,architectural-historian,senior,AutoCAD (Drafting);Curation Agreements;Historic Tax Credit Applications;NEPA;Off-Road/ATV Operation,"[""AutoCAD (Drafting)"", ""Curation Agreements"", ""Historic Tax Credit Applications"", ""NEPA"", ""Off-Road/ATV Operation""]",,,,https://example.com/demo/job/233,"Senior Cultural Resources Planner at Sagebrush Archaeology. Key skills include AutoCAD (Drafting), Curation Agreements, Historic Tax Credit Applications, NEPA, Off-Road/ATV Operation. This is synthetic demo data.",-0.049
AAA,Senior Field Supervisor,Bay Area Preservation,"San Diego, CA",San Diego,CA,32.7157,-117.1611,2026-02-01,field-tech,senior,Archaeological Data Recovery Plan;Collections Environmental Monitoring;Conservation Management Plan;Long-Term Resource Monitoring Plan;Quality Assurance / Quality Control;SOI Professional Standards;SQL;Section 106;Section 4(f) DOT Act,"[""Archaeological Data Recovery Plan"", ""Collections Environmental Monitoring"", ""Conservation Management Plan"", ""Long-Term Resource Monitoring Plan"", ""Quality Assurance / Quality Control"", ""SOI Professional Standards"", ""SQL"", ""Section 106"", ""Section 4(f) DOT Act""]",,,,https://example.com/demo/job/234,"Senior Field Supervisor at Bay Area Preservation. Key skills include Archaeological Data Recovery Plan, Collections Environmental Monitoring, Conservation Management Plan, Long-Term Resource Monitoring Plan, Quality Assurance / Quality Control. This is synthetic demo data.",0.387
ACRA,Collections Specialist,Capitol Heritage Advisors,"San Antonio, TX",San Antonio,TX,29.4241,-98.4936,2026-01-30,lab/analyst,mid,Archaeological Resources Protection Act;Built Environment Survey;NEPA;Section 4(f) DOT Act,"[""Archaeological Resources Protection Act"", ""Built Environment Survey"", ""NEPA"", ""Section 4(f) DOT Act""]",67604.0,81463.0,USD,https://example.com/demo/job/235,"Collections Specialist at Capitol Heritage Advisors. Key skills include Archaeological Resources Protection Act, Built Environment Survey, NEPA, Section 4(f) DOT Act. This is synthetic demo data.",-0.008
AAA,Senior Principal Investigator,Great Lakes CRM,"Seattle, WA",Seattle,WA,47.6062,-122.3321,2026-01-04,pm/pi,senior,Data Visualization;File/Enterprise Geodatabase;LiDAR Processing;MSHA Surface Miner;NPS Preservation Briefs & Bulletins;Post-Disaster Damage Assessment;Site Management Plan,"[""Data Visualization"", ""File/Enterprise Geodatabase"", ""LiDAR Processing"", ""MSHA Surface Miner"", ""NPS Preservation Briefs & Bulletins"", ""Post-Disaster Damage Assessment"", ""Site Management Plan""]",,,,https://example.com/demo/job/236,"Senior Principal Investigator at Great Lakes CRM. Key skills include Data Visualization, File/Enterprise Geodatabase, LiDAR Processing, MSHA Surface Miner, NPS Preservation Briefs & Bulletins. This is synthetic demo data.",0.281
AAA,Cultural Resources Planner,High Plains Cultural Resources,"Salt Lake City, UT",Salt Lake City,UT,40.7608,-111.891,2026-01-21,architectural-historian,mid,CIDOC CRM (Heritage Semantics);Client/Stakeholder Management;Python,"[""CIDOC CRM (Heritage Semantics)"", ""Client/Stakeholder Management"", ""Python""]",68679.0,84426.0,USD,https://example.com/demo/job/237,"Cultural Resources Planner at High Plains Cultural Resources. Key skills include CIDOC CRM (Heritage Semantics), Client/Stakeholder Management, Python. This is synthetic demo data.",0.366
ACRA,Field Supervisor,Sunbelt Heritage Solutions,"Atlanta, GA",Atlanta,GA,33.749,-84.388,2026-01-20,field-tech,entry,Compliance Tracking Systems;Residue/Use-Wear Analysis;SOI Professional Qualifications;Section 106;Soil Micromorphology,"[""Compliance Tracking Systems"", ""Residue/Use-Wear Analysis"", ""SOI Professional Qualifications"", ""Section 106"", ""Soil Micromorphology""]",46695.0,56293.0,USD,https://example.com/demo/job/238,"Field Supervisor at Sunbelt Heritage Solutions. Key skills include Compliance Tracking Systems, Residue/Use-Wear Analysis, SOI Professional Qualifications, Section 106, Soil Micromorphology. This is synthetic demo data.",0.283
AAA,Crew Chief,Heritage Research Group,"Portland, OR",Portland,OR,45.5152,-122.6784,2026-01-15,field-tech,mid,Adobe Photoshop;Client/Stakeholder Management;HABS/HAER/HALS Documentation;Historic Materials Conservation;Program Evaluation (KPIs/Outcomes);SOI Professional Standards,"[""Adobe Photoshop"", ""Client/Stakeholder Management"", ""HABS/HAER/HALS Documentation"", ""Historic Materials Conservation"", ""Program Evaluation (KPIs/Outcomes)"", ""SOI Professional Standards""]",62785.0,78155.0,USD,https://example.com/demo/job/239,"Crew Chief at Heritage Research Group. Key skills include Adobe Photoshop, Client/Stakeholder Management, HABS/HAER/HALS Documentation, Historic Materials Conservation, Program Evaluation (KPIs/Outcomes). This is synthetic demo data.",0.285
AAA,Program Manager,Cultural Resource Consultants,"Tucson, AZ",Tucson,AZ,32.2226,-110.9747,2026-01-03,pm/pi,lead/PI,AutoCAD (Drafting);Compliance Tracking Systems;LiDAR Processing;MOA (Section 106 Resolution);NEPA;Residue/Use-Wear Analysis;SOI Treatment Standards (Preserve/Rehab/Restore/Reconstruct);Venice Charter Principles,"[""AutoCAD (Drafting)"", ""Compliance Tracking Systems"", ""LiDAR Processing"", ""MOA (Section 106 Resolution)"", ""NEPA"", ""Residue/Use-Wear Analysis"", ""SOI Treatment Standards (Preserve/Rehab/Restore/Reconstruct)"", ""Venice Charter Principles""]",119036.0,141426.0,USD,https://example.com/demo/job/240,"Program Manager at Cultural Resource Consultants. Key skills include AutoCAD (Drafting), Compliance Tracking Systems, LiDAR Processing, MOA (Section 106 Resolution), NEPA. This is synthetic demo data.",0.329
